{
  "fillp_sheep": {
    "1": {
      "1": {
        "delay": 927.74,
        "loss": 0.0030940442705148508,
        "tput": 0.4351986755635336
      },
      "all": {
        "delay": 927.74,
        "loss": 0.0030940442705148508,
        "tput": 0.4351986755635336
      }
    }
  },
  "indigo": {
    "1": {
      "1": {
        "delay": 107.993,
        "loss": 0.0010828610705488906,
        "tput": 0.7396946616914245
      },
      "all": {
        "delay": 107.993,
        "loss": 0.0010828610705488906,
        "tput": 0.7396946616914245
      }
    }
  },
  "cubic": {
    "1": {
      "1": {
        "delay": 18884.991,
        "loss": 0.25757613925485556,
        "tput": 0.9431066406985941
      },
      "all": {
        "delay": 18884.991,
        "loss": 0.25757613925485556,
        "tput": 0.9431066406985941
      }
    }
  },
  "sprout": {
    "1": {
      "1": {
        "delay": 114.526,
        "loss": 0.00023487615425454855,
        "tput": 0.7147358607197402
      },
      "all": {
        "delay": 114.526,
        "loss": 0.00023487615425454855,
        "tput": 0.7147358607197402
      }
    }
  },
  "vivace": {
    "1": {
      "1": {
        "delay": 22515.843,
        "loss": 0.3751707329187258,
        "tput": 0.9418518547609065
      },
      "all": {
        "delay": 22515.843,
        "loss": 0.3751707329187258,
        "tput": 0.9418518547609065
      }
    }
  },
  "scream": {
    "1": {
      "1": { "delay": 537.514, "loss": 0.0, "tput": 0.1061027297384288 },
      "all": { "delay": 537.514, "loss": 0.0, "tput": 0.1061027297384288 }
    }
  },
  "vegas": {},
  "bbr": {},
  "pcc": {
    "1": {
      "1": {
        "delay": 38922.626,
        "loss": 0.5947681248630419,
        "tput": 0.9419798808782321
      },
      "all": {
        "delay": 38922.626,
        "loss": 0.5947681248630419,
        "tput": 0.9419798808782321
      }
    }
  },
  "pcc_experimental": {
    "1": {
      "1": {
        "delay": 48070.706,
        "loss": 0.8262277136359055,
        "tput": 0.9395023097105326
      },
      "all": {
        "delay": 48070.706,
        "loss": 0.8262277136359055,
        "tput": 0.9395023097105326
      }
    }
  },
  "webrtc": {
    "1": {
      "1": {
        "delay": 1068.36,
        "loss": 0.00033403572022494554,
        "tput": 0.3685887191142262
      },
      "all": {
        "delay": 1068.36,
        "loss": 0.00033403572022494554,
        "tput": 0.3685887191142262
      }
    }
  },
  "fillp": {
    "1": {
      "1": {
        "delay": 1706.185,
        "loss": 0.03416059424417073,
        "tput": 0.8913872493115922
      },
      "all": {
        "delay": 1706.185,
        "loss": 0.03416059424417073,
        "tput": 0.8913872493115922
      }
    }
  },
  "ledbat": {
    "1": {
      "1": {
        "delay": 175.467,
        "loss": 0.003562027715458993,
        "tput": 0.6559487705637409
      },
      "all": {
        "delay": 175.467,
        "loss": 0.003562027715458993,
        "tput": 0.6559487705637409
      }
    }
  }
}