{
  "fillp_sheep": {
    "1": {
      "1": {
        "delay": 392.262,
        "loss": 0.000306954572911855,
        "tput": 1.949552032933558
      },
      "all": {
        "delay": 392.262,
        "loss": 0.000306954572911855,
        "tput": 1.949552032933558
      }
    }
  },
  "indigo": {
    "1": {
      "1": { "delay": 20.676, "loss": 0.0, "tput": 1.8476457805940678 },
      "all": { "delay": 20.676, "loss": 0.0, "tput": 1.8476457805940678 }
    }
  },
  "cubic": {
    "1": {
      "1": {
        "delay": 4577.086,
        "loss": 0.04654277776877558,
        "tput": 5.650161990860414
      },
      "all": {
        "delay": 4577.086,
        "loss": 0.04654277776877558,
        "tput": 5.650161990860414
      }
    }
  },
  "sprout": {
    "1": {
      "1": {
        "delay": 93.661,
        "loss": 0.001171503647770189,
        "tput": 5.571712027778555
      },
      "all": {
        "delay": 93.661,
        "loss": 0.001171503647770189,
        "tput": 5.571712027778555
      }
    }
  },
  "vivace": {
    "1": {
      "1": {
        "delay": 1327.003,
        "loss": 0.0004608797797019948,
        "tput": 1.663172673136772
      },
      "all": {
        "delay": 1327.003,
        "loss": 0.0004608797797019948,
        "tput": 1.663172673136772
      }
    }
  },
  "scream": {
    "1": {
      "1": { "delay": 16.601, "loss": 0.0, "tput": 0.213607661671582 },
      "all": { "delay": 16.601, "loss": 0.0, "tput": 0.213607661671582 }
    }
  },
  "vegas": {},
  "bbr": {},
  "pcc": {
    "1": {
      "1": {
        "delay": 2498.451,
        "loss": 0.00019429312456864523,
        "tput": 2.120307096912756
      },
      "all": {
        "delay": 2498.451,
        "loss": 0.00019429312456864523,
        "tput": 2.120307096912756
      }
    }
  },
  "pcc_experimental": {
    "1": {
      "1": {
        "delay": 6603.846,
        "loss": 0.09405597828323353,
        "tput": 3.7857070907832933
      },
      "all": {
        "delay": 6603.846,
        "loss": 0.09405597828323353,
        "tput": 3.7857070907832933
      }
    }
  },
  "webrtc": {
    "1": {
      "1": { "delay": 65.501, "loss": 0.0, "tput": 0.8100505329883247 },
      "all": { "delay": 65.501, "loss": 0.0, "tput": 0.8100505329883247 }
    }
  },
  "fillp": {
    "1": {
      "1": {
        "delay": 262.745,
        "loss": 0.0024959925317955545,
        "tput": 5.463650188072811
      },
      "all": {
        "delay": 262.745,
        "loss": 0.0024959925317955545,
        "tput": 5.463650188072811
      }
    }
  },
  "ledbat": {
    "1": {
      "1": {
        "delay": 198.736,
        "loss": 0.0015598970680744673,
        "tput": 5.627078881923884
      },
      "all": {
        "delay": 198.736,
        "loss": 0.0015598970680744673,
        "tput": 5.627078881923884
      }
    }
  }
}