{
  "fillp_sheep": {
    "1": {
      "1": {
        "delay": 21.145,
        "loss": 0.00031533408627182347,
        "tput": 35.288620635433325
      },
      "all": {
        "delay": 21.145,
        "loss": 0.00031533408627182347,
        "tput": 35.288620635433325
      }
    }
  },
  "indigo": {
    "1": {
      "1": {
        "delay": 9.053,
        "loss": 0.0002177537696987919,
        "tput": 47.90716818477592
      },
      "all": {
        "delay": 9.053,
        "loss": 0.0002177537696987919,
        "tput": 47.90716818477592
      }
    }
  },
  "cubic": {
    "1": {
      "1": {
        "delay": 476.683,
        "loss": 0.013268250036746587,
        "tput": 47.99281299304341
      },
      "all": {
        "delay": 476.683,
        "loss": 0.013268250036746587,
        "tput": 47.99281299304341
      }
    }
  },
  "sprout": {
    "1": {
      "1": {
        "delay": 18.428,
        "loss": 0.000153073360262157,
        "tput": 44.05011994540283
      },
      "all": {
        "delay": 18.428,
        "loss": 0.000153073360262157,
        "tput": 44.05011994540283
      }
    }
  },
  "vivace": {
    "1": {
      "1": { "delay": 1.241, "loss": 0.0, "tput": 9.772103381877832 },
      "all": { "delay": 1.241, "loss": 0.0, "tput": 9.772103381877832 }
    }
  },
  "scream": {
    "1": {
      "1": { "delay": 1.651, "loss": 0.0, "tput": 0.21740639127724476 },
      "all": { "delay": 1.651, "loss": 0.0, "tput": 0.21740639127724476 }
    }
  },
  "vegas": {},
  "bbr": {},
  "quic": {
    "1": {
      "1": {
        "delay": 198.252,
        "loss": 0.006966697665165111,
        "tput": 47.6884000733239
      },
      "all": {
        "delay": 198.252,
        "loss": 0.006966697665165111,
        "tput": 47.6884000733239
      }
    }
  },
  "pcc": {
    "1": {
      "1": {
        "delay": 1.505,
        "loss": 5.951909497625696e-5,
        "tput": 13.893427284023076
      },
      "all": {
        "delay": 1.505,
        "loss": 5.951909497625696e-5,
        "tput": 13.893427284023076
      }
    }
  },
  "pcc_experimental": {
    "1": {
      "1": { "delay": 1.196, "loss": 0.0, "tput": 11.198571497500398 },
      "all": { "delay": 1.196, "loss": 0.0, "tput": 11.198571497500398 }
    }
  },
  "webrtc": {
    "1": {
      "1": { "delay": 1.61, "loss": 0.0, "tput": 1.5046892316444322 },
      "all": { "delay": 1.61, "loss": 0.0, "tput": 1.5046892316444322 }
    }
  },
  "fillp": {
    "1": {
      "1": {
        "delay": 61.958,
        "loss": 0.0018778270166327493,
        "tput": 47.79381219585418
      },
      "all": {
        "delay": 61.958,
        "loss": 0.0018778270166327493,
        "tput": 47.79381219585418
      }
    }
  },
  "ledbat": {
    "1": {
      "1": {
        "delay": 90.692,
        "loss": 0.002951770912784202,
        "tput": 47.96868289718827
      },
      "all": {
        "delay": 90.692,
        "loss": 0.002951770912784202,
        "tput": 47.96868289718827
      }
    }
  }
}