{"cubic": {"1": {"1": {"delay": 5565.869, "loss": 0.10778628737324536, "tput": 4.217332824646872}, "all": {"delay": 5565.869, "loss": 0.10778628737324536, "tput": 4.217332824646872}}}}