{"cubic": {"1": {"1": {"delay": 2339.799, "loss": 0.07456524638819617, "tput": 7.484996548607938}, "all": {"delay": 2339.799, "loss": 0.07456524638819617, "tput": 7.484996548607938}}}}