{"fillp_sheep": {"1": {"1": {"delay": 63.345, "loss": 0.0006478865611488915, "tput": 45.578365350137595}, "all": {"delay": 63.345, "loss": 0.0006478865611488915, "tput": 45.578365350137595}}}, "indigo": {"1": {"1": {"delay": 8.074, "loss": 7.107388861005148e-05, "tput": 45.13616402881593}, "all": {"delay": 8.074, "loss": 7.107388861005148e-05, "tput": 45.13616402881593}}}, "cubic": {"1": {"1": {"delay": 471.008, "loss": 0.01291121414955776, "tput": 47.603073060381234}, "all": {"delay": 471.008, "loss": 0.01291121414955776, "tput": 47.603073060381234}}}, "sprout": {"1": {"1": {"delay": 18.621, "loss": 0.00019765918430247886, "tput": 42.630530403284105}, "all": {"delay": 18.621, "loss": 0.00019765918430247886, "tput": 42.630530403284105}}}, "vivace": {"1": {"1": {"delay": 1.783, "loss": 2.6835426661375728e-05, "tput": 15.16619284606649}, "all": {"delay": 1.783, "loss": 2.6835426661375728e-05, "tput": 15.16619284606649}}}, "scream": {"1": {"1": {"delay": 1.659, "loss": 0.0, "tput": 0.21728466004495223}, "all": {"delay": 1.659, "loss": 0.0, "tput": 0.21728466004495223}}}, "vegas": {}, "bbr": {}, "quic": {"1": {"1": {"delay": 127.868, "loss": 0.004642623862957884, "tput": 45.650950257106366}, "all": {"delay": 127.868, "loss": 0.004642623862957884, "tput": 45.650950257106366}}}, "pcc": {"1": {"1": {"delay": 1.266, "loss": 1.2658976917712117e-05, "tput": 31.757863868915027}, "all": {"delay": 1.266, "loss": 1.2658976917712117e-05, "tput": 31.757863868915027}}}, "pcc_experimental": {"1": {"1": {"delay": 1.157, "loss": 2.20845699161476e-06, "tput": 11.636837519788289}, "all": {"delay": 1.157, "loss": 2.20845699161476e-06, "tput": 11.636837519788289}}}, "webrtc": {"1": {"1": {"delay": 1.573, "loss": 0.0, "tput": 1.567027982068234}, "all": {"delay": 1.573, "loss": 0.0, "tput": 1.567027982068234}}}, "fillp": {"1": {"1": {"delay": 51.425, "loss": 0.0015413342622923043, "tput": 47.52293038543782}, "all": {"delay": 51.425, "loss": 0.0015413342622923043, "tput": 47.52293038543782}}}, "ledbat": {"1": {"1": {"delay": 89.956, "loss": 0.0031256337746918827, "tput": 45.999072175915444}, "all": {"delay": 89.956, "loss": 0.0031256337746918827, "tput": 45.999072175915444}}}}