{
  "cubic": {
    "1": {
      "1": {
        "delay": 10315.21,
        "loss": 0.28626624800774847,
        "tput": 0.9427853896413314
      },
      "all": {
        "delay": 10315.21,
        "loss": 0.28626624800774847,
        "tput": 0.9427853896413314
      }
    }
  }
}