{"episode_reward": [3513815.420599999, 2984125.2662000046, 2829695.2482999996, 3501166.0066, 3051326.3271000003], "nb_episode_steps": [500, 500, 500, 500, 500], "nb_steps": [500, 1000, 1500, 2000, 2500]}