{"episode_reward": [3672577.7996000014, 3294209.579299998, 4067042.067399997, 438573.77699999994, 2416.1344, 4712.4824, 5355.7661, 14575.0663, 9233.6404], "nb_episode_steps": [500, 500, 500, 88, 1, 1, 1, 1, 1], "nb_steps": [500, 1000, 1500, 1588, 1589, 1590, 1591, 1592, 1593]}