{"episode_reward": [36564490.31210001, 36942334.73750003, 38201061.88660002, 43830194.53779995, 45492073.9513, 47423281.53319996, 46452910.00860001, 46878852.45369999, 45767982.34749997, 46700183.94700006, 45860478.84420002, 46062192.88460005, 46327246.92070003, 45727283.50670005, 46360495.0636, 8.726975638786425e+18, 3.906250000045475e+18, 47030891.777200006, 46602430.7836, 9.803921568673767e+18], "nb_episode_steps": [1000, 1000, 1000, 1000, 1000, 1000, 1000, 1000, 1000, 1000, 1000, 1000, 1000, 1000, 1000, 1000, 1000, 1000, 1000, 1000], "nb_steps": [1000, 2000, 3000, 4000, 5000, 6000, 7000, 8000, 9000, 10000, 11000, 12000, 13000, 14000, 15000, 16000, 17000, 18000, 19000, 20000]}