{"episode_reward": [3193513.483899999, 3708785.711199998, 4524695.048800004, 4190950.5579000013, 3862755.0478000003, 4407575.770600002, 4229400.3664, 3966450.3962000054, 3850638.333599999, 4551384.123699999, 3984312.0612999992, 3913935.8352, 4165364.396899999, 4175111.391199999, 3964938.1138999965, 4203304.1576, 4378919.989100001, 3763569.621499998, 4446269.939000003, 4454229.027199997], "nb_episode_steps": [500, 500, 500, 500, 500, 500, 500, 500, 500, 500, 500, 500, 500, 500, 500, 500, 500, 500, 500, 500], "nb_steps": [500, 1000, 1500, 2000, 2500, 3000, 3500, 4000, 4500, 5000, 5500, 6000, 6500, 7000, 7500, 8000, 8500, 9000, 9500, 10000]}