{"episode_reward": [23077817.495700005, 27299075.600399993, 23381602.973500017, 22841709.1165, 27734246.05039996], "nb_episode_steps": [500, 500, 500, 500, 500], "nb_steps": [500, 1000, 1500, 2000, 2500]}