{"episode_reward": [3954592.781400001, 3932110.3226, 3825779.4389000055, 3775267.4269999997, 3685684.8115000026], "nb_episode_steps": [500, 500, 500, 500, 500], "nb_steps": [500, 1000, 1500, 2000, 2500]}