{"episode_reward": [8812084.784800008, 8137970.395500005, 7707056.671399995, 8196787.846299992, 7594765.249300002], "nb_episode_steps": [500, 500, 500, 500, 500], "nb_steps": [500, 1000, 1500, 2000, 2500]}