{"episode_reward": [52339165.98099998, 52961915.71919994, 52495905.55020005, 51838132.513, 52138380.76459998], "nb_episode_steps": [500, 500, 500, 500, 500], "nb_steps": [500, 1000, 1500, 2000, 2500]}