{"episode_reward": [20092916.001200005, 18763210.75350002, 19984087.2038, 20127818.11350002, 19833860.37309999, 20154049.591700014, 20083042.736000016, 19574708.7471, 19875744.983699985, 19446288.241700005, 18808673.915899996, 19883462.725199997, 19822842.981999997, 20031580.41299999, 19632411.985899992, 20577734.925, 19285163.14319998, 19370764.607899982, 19523248.958099984, 20582945.6763], "nb_episode_steps": [500, 500, 500, 500, 500, 500, 500, 500, 500, 500, 500, 500, 500, 500, 500, 500, 500, 500, 500, 500], "nb_steps": [500, 1000, 1500, 2000, 2500, 3000, 3500, 4000, 4500, 5000, 5500, 6000, 6500, 7000, 7500, 8000, 8500, 9000, 9500, 10000]}