{"episode_reward": [69789438.10130003, 70143926.5946, 81110254.53570005, 76026142.08540004, 80759651.06769997], "nb_episode_steps": [500, 500, 500, 500, 500], "nb_steps": [500, 1000, 1500, 2000, 2500]}