{"episode_reward": [4119352.2388999965, 4403836.8533, 5623323.584000001, 7128312.888000007, 4807627.9317999985], "nb_episode_steps": [500, 500, 500, 500, 500], "nb_steps": [500, 1000, 1500, 2000, 2500]}