{"episode_reward": [5731893.009700004, 7743692.390900001, 5613111.852599998, 6046444.195000001, 6098308.541900007], "nb_episode_steps": [500, 500, 500, 500, 500], "nb_steps": [500, 1000, 1500, 2000, 2500]}