{"episode_reward": [4701828.8941, 9970614.6004, 4607616.413699997, 8493124.759900004, 5374143.530300001], "nb_episode_steps": [500, 500, 500, 500, 500], "nb_steps": [500, 1000, 1500, 2000, 2500]}