{"episode_reward": [3.5714285714312892e+19, 24499025.414599992, 26651633.429600034, 26681322.91020003, 26518597.44730001, 25353317.792699996, 24401299.259200018, 21644206.158299997, 24005484.616700005, 24505363.172800004, 22728348.91510001, 24977746.56669998, 25348780.662399977, 24888230.74670001, 22600694.1317, 23322050.21570002, 25058483.35420001, 23886237.940299988, 23614292.687800024, 22827504.810700003], "nb_episode_steps": [500, 500, 500, 500, 500, 500, 500, 500, 500, 500, 500, 500, 500, 500, 500, 500, 500, 500, 500, 500], "nb_steps": [500, 1000, 1500, 2000, 2500, 3000, 3500, 4000, 4500, 5000, 5500, 6000, 6500, 7000, 7500, 8000, 8500, 9000, 9500, 10000]}