{"episode_reward": [3421104.3645000015, 2626246.2799999993, 2998522.6671999977, 3015837.747999997, 2799238.0221999995, 2838680.645399996, 2986299.6117000016, 2735682.903499999, 2831787.8097999995, 2914460.0426999987, 2874888.3796000024, 2857250.7899000016, 2954905.4481, 2838799.5865000016, 2897099.7060000007, 3019106.986899999, 2959348.6033999994, 2849365.434699998, 2858435.4334999975, 2966666.1032999973], "nb_episode_steps": [500, 500, 500, 500, 500, 500, 500, 500, 500, 500, 500, 500, 500, 500, 500, 500, 500, 500, 500, 500], "nb_steps": [500, 1000, 1500, 2000, 2500, 3000, 3500, 4000, 4500, 5000, 5500, 6000, 6500, 7000, 7500, 8000, 8500, 9000, 9500, 10000]}