{"episode_reward": [20598055.357899986, 18788575.373799995, 19510471.53969998, 20846970.67430001, 19559177.74269999, 19094002.364699997, 19809963.287, 19360897.90060001, 19736702.4726, 18750628.499500018, 18994021.999099996, 19527021.02920003, 18938913.76320001, 18887961.603400014, 19578392.151100006, 19560873.860000018, 19720641.289599996, 19441543.838200003, 18504001.516499992, 19037505.68689999], "nb_episode_steps": [500, 500, 500, 500, 500, 500, 500, 500, 500, 500, 500, 500, 500, 500, 500, 500, 500, 500, 500, 500], "nb_steps": [500, 1000, 1500, 2000, 2500, 3000, 3500, 4000, 4500, 5000, 5500, 6000, 6500, 7000, 7500, 8000, 8500, 9000, 9500, 10000]}