{"episode_reward": [18635811.842899986, 19394296.427100003, 23494489.947699983, 21528209.95900002, 23085637.510300014, 15342617.207900003, 25232138.565700013, 21192817.627499986, 21945405.548, 19504134.2406, 21206107.1934, 21751771.880899996, 21132510.781599984, 22767991.236000016, 21484440.100899987, 20494669.991499998, 23236177.848499995, 21043382.971599996, 23707450.035600007, 18141131.408899978], "nb_episode_steps": [500, 500, 500, 500, 500, 500, 500, 500, 500, 500, 500, 500, 500, 500, 500, 500, 500, 500, 500, 500], "nb_steps": [500, 1000, 1500, 2000, 2500, 3000, 3500, 4000, 4500, 5000, 5500, 6000, 6500, 7000, 7500, 8000, 8500, 9000, 9500, 10000]}