{"episode_reward": [4292568.470799998, 4059934.874100003, 4536753.513099998, 4057624.471700002, 4460494.423300002], "nb_episode_steps": [500, 500, 500, 500, 500], "nb_steps": [500, 1000, 1500, 2000, 2500]}