{"episode_reward": [4437463.631000005, 4340303.283100001, 4587080.095899999, 4838095.426799998, 4940733.5704], "nb_episode_steps": [500, 500, 500, 500, 500], "nb_steps": [500, 1000, 1500, 2000, 2500]}