{"episode_reward": [5686802.349700006, 6150279.433800003, 7.142857142857842e+19, 5038007.276000004, 1.2142857142857959e+20], "nb_episode_steps": [500, 500, 500, 500, 500], "nb_steps": [500, 1000, 1500, 2000, 2500]}