{"episode_reward": [19504762.23319999, 18341292.54319999, 19447393.868299995, 18966499.48809999, 19481845.034300018, 18864725.244400013, 18451798.253900003, 18830997.301100004, 19280780.325600006, 18937061.81989999, 18901417.09999998, 19399990.475300003, 18885239.90169998, 19305513.298999984, 19066997.1689, 19936732.557399984, 19883288.0867, 19986222.463299997, 19004114.108000018, 19947427.457499985], "nb_episode_steps": [500, 500, 500, 500, 500, 500, 500, 500, 500, 500, 500, 500, 500, 500, 500, 500, 500, 500, 500, 500], "nb_steps": [500, 1000, 1500, 2000, 2500, 3000, 3500, 4000, 4500, 5000, 5500, 6000, 6500, 7000, 7500, 8000, 8500, 9000, 9500, 10000]}