{"episode_reward": [8547290.671199994, 9220232.645799996, 9659156.494399998, 9217328.084499996, 9683096.833500003], "nb_episode_steps": [500, 500, 500, 500, 500], "nb_steps": [500, 1000, 1500, 2000, 2500]}