{"episode_reward": [48081599.05950002, 48710434.37710003, 48048212.987499975, 51934709.5978, 49092453.3399], "nb_episode_steps": [500, 500, 500, 500, 500], "nb_steps": [500, 1000, 1500, 2000, 2500]}