{"episode_reward": [56832678.92540007, 56242211.3287, 56432186.58989999, 53198898.49399999, 55542997.72759998], "nb_episode_steps": [500, 500, 500, 500, 500], "nb_steps": [500, 1000, 1500, 2000, 2500]}