{"episode_reward": [6840548.186400008, 7721104.090299999, 8695316.452799996, 6795538.369100006, 7109625.487000006], "nb_episode_steps": [500, 500, 500, 500, 500], "nb_steps": [500, 1000, 1500, 2000, 2500]}