{"episode_reward": [3835593.095799998, 3442937.6333000045, 3647956.8880000007, 3439697.258400002, 3611865.027700001], "nb_episode_steps": [500, 500, 500, 500, 500], "nb_steps": [500, 1000, 1500, 2000, 2500]}