{"episode_reward": [4210108.4099, 3334077.9754000003, 4026987.169500002, 3787103.2246, 3729283.1675999933], "nb_episode_steps": [500, 500, 500, 500, 500], "nb_steps": [500, 1000, 1500, 2000, 2500]}