{"episode_reward": [23337889.43409999, 30080421.693900023, 34091338.42559996, 29745705.781, 28293410.7585], "nb_episode_steps": [500, 500, 500, 500, 500], "nb_steps": [500, 1000, 1500, 2000, 2500]}