{
  "episode_reward": [
    43265401.05910004, 42278764.332499936, 44041064.71129996, 41093686.08790003,
    40236404.1483, 41125768.940100014, 43633410.84470007, 42636156.72929997,
    42421624.78230008, 43217978.51859997, 43647858.71490001, 43522649.96919996,
    43066215.07060001, 43746923.61649999, 42311116.546199985, 43578088.02019998,
    41907678.31850001, 40286516.3002, 38987391.782200016, 40117086.31169997
  ],
  "nb_episode_steps": [
    1000, 1000, 1000, 1000, 1000, 1000, 1000, 1000, 1000, 1000, 1000, 1000,
    1000, 1000, 1000, 1000, 1000, 1000, 1000, 1000
  ],
  "nb_steps": [
    1000, 2000, 3000, 4000, 5000, 6000, 7000, 8000, 9000, 10000, 11000, 12000,
    13000, 14000, 15000, 16000, 17000, 18000, 19000, 20000
  ]
}