{"episode_reward": [24907351.885900013, 26946938.81549999, 23644252.396599986, 24519136.539300002, 26621901.843300007], "nb_episode_steps": [500, 500, 500, 500, 500], "nb_steps": [500, 1000, 1500, 2000, 2500]}