{"episode_reward": [4287649.724899994, 3663994.582300002, 4140401.115600002, 4106044.297799999, 3672706.910299998, 4162659.583399998, 4030717.2534999973, 3828572.576299999, 3941822.283, 4303031.552499999, 3872942.098799999, 3809504.1850999994, 4023779.8037000042, 3953634.136399995, 3886712.759500003, 4024067.8313, 4042821.039900002, 3866064.9111, 3950815.0169999935, 4093383.9107], "nb_episode_steps": [500, 500, 500, 500, 500, 500, 500, 500, 500, 500, 500, 500, 500, 500, 500, 500, 500, 500, 500, 500], "nb_steps": [500, 1000, 1500, 2000, 2500, 3000, 3500, 4000, 4500, 5000, 5500, 6000, 6500, 7000, 7500, 8000, 8500, 9000, 9500, 10000]}