{"episode_reward": [7181756.300499997, 6288354.147300002, 5755458.5567, 5352069.065099998, 5401997.978400006], "nb_episode_steps": [500, 500, 500, 500, 500], "nb_steps": [500, 1000, 1500, 2000, 2500]}