{"episode_reward": [3034772.9867, 2676340.9166000015, 2864516.8719000006, 2968966.284199995, 2706394.7735999986, 2888469.8944999995, 3003750.563800001, 2734630.793500002, 2848072.097400002, 2976597.8930999986, 2781370.788400001, 2848190.021299998, 2969857.6044000015, 2922267.449800003, 2852239.3566999985, 6359657.695700011, 2939691.147299997, 3060116.667700001, 2843758.9884000015, 2894158.070900001], "nb_episode_steps": [500, 500, 500, 500, 500, 500, 500, 500, 500, 500, 500, 500, 500, 500, 500, 500, 500, 500, 500, 500], "nb_steps": [500, 1000, 1500, 2000, 2500, 3000, 3500, 4000, 4500, 5000, 5500, 6000, 6500, 7000, 7500, 8000, 8500, 9000, 9500, 10000]}