{"episode_reward": [57672399.72700007, 55579284.149599954, 54066544.830899976, 58146457.025500044, 56663244.71780003], "nb_episode_steps": [500, 500, 500, 500, 500], "nb_steps": [500, 1000, 1500, 2000, 2500]}