{"episode_reward": [46677465.134800054, 45544685.32179998, 45658761.47439999, 46113939.86429995, 45194532.152200036, 47088429.37860006, 45716627.33640003, 46121129.44079995, 45037352.10120003, 46133010.71480006, 45316019.17940002, 46306757.31600005, 46875860.9494, 45743730.93060004, 46606751.756600045, 45449757.88899991, 47373378.71860005, 45502363.63410001, 46901939.0251999, 45611118.571899965], "nb_episode_steps": [1000, 1000, 1000, 1000, 1000, 1000, 1000, 1000, 1000, 1000, 1000, 1000, 1000, 1000, 1000, 1000, 1000, 1000, 1000, 1000], "nb_steps": [1000, 2000, 3000, 4000, 5000, 6000, 7000, 8000, 9000, 10000, 11000, 12000, 13000, 14000, 15000, 16000, 17000, 18000, 19000, 20000]}