{"episode_reward": [4089633.661299996, 4222880.5782, 4735341.457700002, 4012198.4620999997, 4129400.5941999964], "nb_episode_steps": [500, 500, 500, 500, 500], "nb_steps": [500, 1000, 1500, 2000, 2500]}