{"episode_reward": [5118386.0117000025, 4290474.424199999, 4883395.471400005, 15674142.827499993, 4600416.314000003], "nb_episode_steps": [500, 500, 500, 500, 500], "nb_steps": [500, 1000, 1500, 2000, 2500]}