{"episode_reward": [7743195.6782, 8112155.258299991, 8158100.9376, 7595036.121900004, 8154344.843299991, 7494894.051, 7683227.810400007, 8085902.500200005, 7789661.4571000105, 8151735.012900001, 7710309.243600007, 7968800.64390001, 8149286.077000005, 7269498.090800006, 7359853.879400002, 8276203.033800007, 7591455.3515, 7948876.990700005, 8020730.744600002, 7947270.276799996], "nb_episode_steps": [500, 500, 500, 500, 500, 500, 500, 500, 500, 500, 500, 500, 500, 500, 500, 500, 500, 500, 500, 500], "nb_steps": [500, 1000, 1500, 2000, 2500, 3000, 3500, 4000, 4500, 5000, 5500, 6000, 6500, 7000, 7500, 8000, 8500, 9000, 9500, 10000]}