{"episode_reward": [95240697.17270003, 77143857.87549987, 80070696.83169994, 76498902.6665, 98048568.46350013, 97736707.44680004, 81539206.7274, 86032371.54540001, 68368317.5378, 88764969.05849999, 98405924.56379993, 90723780.52980003, 94667795.24890007, 69093668.18339996, 85617075.73120004, 84917662.39910007, 85770074.72939998, 96372907.58400017, 66243165.156500004, 86151438.09260006], "nb_episode_steps": [500, 500, 500, 500, 500, 500, 500, 500, 500, 500, 500, 500, 500, 500, 500, 500, 500, 500, 500, 500], "nb_steps": [500, 1000, 1500, 2000, 2500, 3000, 3500, 4000, 4500, 5000, 5500, 6000, 6500, 7000, 7500, 8000, 8500, 9000, 9500, 10000]}