{"episode_reward": [6434344.765400003, 6654362.135400008, 6915192.269400003, 6837900.229399993, 6990005.938299996], "nb_episode_steps": [500, 500, 500, 500, 500], "nb_steps": [500, 1000, 1500, 2000, 2500]}