{"episode_reward": [48652083.326000035, 45100915.933999985, 46024315.50129998, 47577635.460099995, 45719931.00279997, 46719107.902200036, 46625647.20729997, 45932997.1418, 45552113.838199966, 47540098.90809998, 49414397.09389999, 47176834.37340003, 44908975.03889999, 47894625.99460001, 48083492.41109996, 50541558.012199976, 51777327.31089999, 48248950.31600001, 47729996.31929995, 48828208.5155], "nb_episode_steps": [500, 500, 500, 500, 500, 500, 500, 500, 500, 500, 500, 500, 500, 500, 500, 500, 500, 500, 500, 500], "nb_steps": [500, 1000, 1500, 2000, 2500, 3000, 3500, 4000, 4500, 5000, 5500, 6000, 6500, 7000, 7500, 8000, 8500, 9000, 9500, 10000]}