{"episode_reward": [57715368.01030004, 60272431.97560002, 53394850.01449994, 56675063.15329998, 59168416.70709992], "nb_episode_steps": [500, 500, 500, 500, 500], "nb_steps": [500, 1000, 1500, 2000, 2500]}