{"episode_reward": [5037077.929000004, 4725515.6624000035, 4292504.753100001, 5053611.079400002, 5284638.1088999985], "nb_episode_steps": [500, 500, 500, 500, 500], "nb_steps": [500, 1000, 1500, 2000, 2500]}