{"episode_reward": [24241907.462500036, 22526937.70219998, 22851158.303899996, 22844977.409899987, 22731891.441300012, 24975343.350200016, 22783376.973100003, 24290199.491299994, 23710955.141900014, 22861060.5518, 23923727.384800002, 22990778.379499983, 23490716.716599997, 21252621.474000007, 23947567.62100001, 23319507.98429999, 24554286.324099977, 23958714.880999994, 24210670.21890001, 22846177.437100008], "nb_episode_steps": [500, 500, 500, 500, 500, 500, 500, 500, 500, 500, 500, 500, 500, 500, 500, 500, 500, 500, 500, 500], "nb_steps": [500, 1000, 1500, 2000, 2500, 3000, 3500, 4000, 4500, 5000, 5500, 6000, 6500, 7000, 7500, 8000, 8500, 9000, 9500, 10000]}