{"episode_reward": [5002514.4066, 3759205.7202999997, 6198117.953499997, 3872604.9662999967], "nb_episode_steps": [500, 500, 500, 500], "nb_steps": [500, 1000, 1500, 2000]}