{"episode_reward": [42626136.943399936, 43554239.35160003, 43120668.82609999, 43474614.91869996, 42395028.29810003, 42667761.56600001, 43616557.73710001, 43535166.82910007, 43525642.628400005, 42759868.41779997, 43176129.97800004, 42339527.62049997, 44144773.349800006, 41992856.06030004, 44584039.464500055, 42793404.39970007, 42908434.2504001, 42426913.863900036, 43568838.23859998, 42788543.713900045], "nb_episode_steps": [1000, 1000, 1000, 1000, 1000, 1000, 1000, 1000, 1000, 1000, 1000, 1000, 1000, 1000, 1000, 1000, 1000, 1000, 1000, 1000], "nb_steps": [1000, 2000, 3000, 4000, 5000, 6000, 7000, 8000, 9000, 10000, 11000, 12000, 13000, 14000, 15000, 16000, 17000, 18000, 19000, 20000]}