{"episode_reward": [9855783.5603, 9410608.644000007, 10335414.075600011, 9459060.509199988, 9557484.133599997], "nb_episode_steps": [500, 500, 500, 500, 500], "nb_steps": [500, 1000, 1500, 2000, 2500]}