{"episode_reward": [87072012.77059998, 75764222.29989994, 82390687.41190004, 69219585.5834001, 70777510.97290005], "nb_episode_steps": [500, 500, 500, 500, 500], "nb_steps": [500, 1000, 1500, 2000, 2500]}