{"episode_reward": [27315335.450199988, 32351333.14200001, 29877823.763199978, 29716516.599199977, 21471391.025000032], "nb_episode_steps": [500, 500, 500, 500, 500], "nb_steps": [500, 1000, 1500, 2000, 2500]}