{"episode_reward": [57799065.6893, 59555040.33049999, 57868167.70789999, 56223756.54859997, 57608730.86950004], "nb_episode_steps": [500, 500, 500, 500, 500], "nb_steps": [500, 1000, 1500, 2000, 2500]}