{"episode_reward": [3251387.625900001, 2940212.336300001, 3328400.5020999983, 3267776.898800001, 3033620.330800001, 3614499.1742999996, 2984031.0032999995, 2833355.511100002, 3149702.5268999985, 3138347.4358000006, 2869440.1746000014, 2900598.5339999977, 2950708.8086000015, 2941934.0610000007, 3067100.945100001, 3242280.4757000003, 3024875.3237000047, 2929012.2736000023, 3182684.2112999987, 3179932.240900001], "nb_episode_steps": [500, 500, 500, 500, 500, 500, 500, 500, 500, 500, 500, 500, 500, 500, 500, 500, 500, 500, 500, 500], "nb_steps": [500, 1000, 1500, 2000, 2500, 3000, 3500, 4000, 4500, 5000, 5500, 6000, 6500, 7000, 7500, 8000, 8500, 9000, 9500, 10000]}