{"episode_reward": [3514274.0656000045, 3877457.5889, 4219449.596399999, 4442033.1903, 3888872.7043000003], "nb_episode_steps": [500, 500, 500, 500, 500], "nb_steps": [500, 1000, 1500, 2000, 2500]}