{"episode_reward": [77663717.1269999, 75933937.14830005, 69359540.15730003, 67273593.05599995, 69056054.10090002], "nb_episode_steps": [500, 500, 500, 500, 500], "nb_steps": [500, 1000, 1500, 2000, 2500]}