{"episode_reward": [3130367.5481000026, 3480363.6090999995, 3516410.6892999997, 3268723.1261999994, 3331136.6304000034], "nb_episode_steps": [500, 500, 500, 500, 500], "nb_steps": [500, 1000, 1500, 2000, 2500]}