{"episode_reward": [3565849.5551000023, 3269368.9431000035, 3364276.5175999966, 3405926.183999997, 3565521.191100002, 3589090.439199998, 3515845.3109000023, 3416289.6453000004, 3305304.107399997, 3491839.0961999972, 3396648.774500003, 7350948.979099997, 3360112.880600001, 3429422.9089999986, 3620825.890200001, 3272054.295600002, 3423474.8899999997, 3321029.576, 3367421.8814000003, 3466725.363400002], "nb_episode_steps": [500, 500, 500, 500, 500, 500, 500, 500, 500, 500, 500, 500, 500, 500, 500, 500, 500, 500, 500, 500], "nb_steps": [500, 1000, 1500, 2000, 2500, 3000, 3500, 4000, 4500, 5000, 5500, 6000, 6500, 7000, 7500, 8000, 8500, 9000, 9500, 10000]}