{"episode_reward": [51412045.55980002, 52785697.86690008, 55439370.886400014], "nb_episode_steps": [1000, 1000, 1000], "nb_steps": [1000, 2000, 3000]}