{"episode_reward": [79631441.87719999, 81758693.40980004, 72551048.78899999, 73774710.87829995, 72941422.85280001], "nb_episode_steps": [500, 500, 500, 500, 500], "nb_steps": [500, 1000, 1500, 2000, 2500]}