{"episode_reward": [3037270.8288, 3648087.885699999, 3392484.316799999, 3198225.422400003, 3639548.3170000003, 3210955.027400002, 3252260.1718000006, 3651572.7948000003, 3248664.7387, 3407574.718799997, 3658542.1679000002, 3216037.5989999957, 3333778.2083000015, 3638712.7821000037, 3231692.6271000006, 3367826.1827000007, 3558266.5725999973, 3257830.8513000007, 3781640.7920999997, 3743745.161799998], "nb_episode_steps": [500, 500, 500, 500, 500, 500, 500, 500, 500, 500, 500, 500, 500, 500, 500, 500, 500, 500, 500, 500], "nb_steps": [500, 1000, 1500, 2000, 2500, 3000, 3500, 4000, 4500, 5000, 5500, 6000, 6500, 7000, 7500, 8000, 8500, 9000, 9500, 10000]}