{"episode_reward": [40109802.444399975, 40902203.16369995, 41488314.299699984, 42497738.359500006, 42416010.80239996], "nb_episode_steps": [500, 500, 500, 500, 500], "nb_steps": [500, 1000, 1500, 2000, 2500]}