{"episode_reward": [25339472.43829999, 23684217.0712, 23610499.238199994, 23190643.672599975, 24415114.170300003, 22271399.02830004, 23040329.279199995, 24110392.61609997, 25363792.899100017, 22370413.2332, 23598208.125500012, 23510854.28739998, 24496820.597599987, 24898659.727599986, 23780514.469799995, 24110378.89980001, 21252402.187200006, 22357969.513899967, 24583449.44400001, 23335553.991200015], "nb_episode_steps": [500, 500, 500, 500, 500, 500, 500, 500, 500, 500, 500, 500, 500, 500, 500, 500, 500, 500, 500, 500], "nb_steps": [500, 1000, 1500, 2000, 2500, 3000, 3500, 4000, 4500, 5000, 5500, 6000, 6500, 7000, 7500, 8000, 8500, 9000, 9500, 10000]}