{"episode_reward": [27.68639999999998, 21.4011, 29.592300000000012, 29.398799999999994, 21.93999999999999, 21.86790000000001, 23.27959999999998, 23.352100000000018, 20.543600000000016, 19.96769999999997, 21.9525, 24.63799999999999, 29.63919999999995, 22.64349999999998, 21.86719999999997, 21.68349999999999, 26.04810000000002, 29.257699999999996, 29.135300000000022, 23.905000000000026], "nb_episode_steps": [500, 500, 500, 500, 500, 500, 500, 500, 500, 500, 500, 500, 500, 500, 500, 500, 500, 500, 500, 500], "nb_steps": [500, 1000, 1500, 2000, 2500, 3000, 3500, 4000, 4500, 5000, 5500, 6000, 6500, 7000, 7500, 8000, 8500, 9000, 9500, 10000]}