{"episode_reward": [41.54789999999998, 28.834000000000003, 28.505800000000015, 29.038300000000003, 25.131699999999984, 27.926899999999993, 26.005700000000015, 27.63639999999998, 29.395600000000005, 28.585000000000015, 24.150200000000023, 23.34050000000001, 3.1038999999999666, 1.054599999999998, 1.0610999999999973, 1.0625999999999975, 1.0551999999999986, 1.0512999999999981, 1.0693999999999981, 1.0781999999999972], "nb_episode_steps": [500, 500, 500, 500, 500, 500, 500, 500, 500, 500, 500, 500, 500, 500, 500, 500, 500, 500, 500, 500], "nb_steps": [500, 1000, 1500, 2000, 2500, 3000, 3500, 4000, 4500, 5000, 5500, 6000, 6500, 7000, 7500, 8000, 8500, 9000, 9500, 10000]}