{"episode_reward": [2992582.9687999994, 2740403.3633, 2673911.765999999, 3140190.0363000054, 2776852.677099998, 2839758.1027999986, 3062371.8594000023, 2785351.796500002, 2698383.4083000002, 2973754.782099998, 2807892.724199998, 2689987.6547000003, 2933265.4683000026, 2818778.8770999988, 2794877.032099998, 2898983.4185, 2830282.3013000013, 2758669.0711000003, 2736684.113600003, 2830094.7144999993], "nb_episode_steps": [500, 500, 500, 500, 500, 500, 500, 500, 500, 500, 500, 500, 500, 500, 500, 500, 500, 500, 500, 500], "nb_steps": [500, 1000, 1500, 2000, 2500, 3000, 3500, 4000, 4500, 5000, 5500, 6000, 6500, 7000, 7500, 8000, 8500, 9000, 9500, 10000]}