{"episode_reward": [5064817.184700007, 3818773.0258000013, 4895731.785800001, 4938358.199900001, 4538015.404800001], "nb_episode_steps": [500, 500, 500, 500, 500], "nb_steps": [500, 1000, 1500, 2000, 2500]}