{"episode_reward": [56842419.18460004, 60440502.721599996, 57659591.49750002, 55602814.78179999, 56866905.257599965], "nb_episode_steps": [500, 500, 500, 500, 500], "nb_steps": [500, 1000, 1500, 2000, 2500]}