{"episode_reward": [46718084.05899999, 46336334.48239999, 46459631.960099995, 49329844.87070003, 45438106.45819996, 46260212.798200056, 47926619.12580001, 48474997.1653, 47806881.69560001, 46596723.34870002, 47300733.467599995, 44398950.875700004, 46833455.7268, 48184302.12429994, 50731076.15969999, 49762895.2547, 52035938.33299995, 45908075.62540001, 47029713.585400015, 49577853.28029998], "nb_episode_steps": [500, 500, 500, 500, 500, 500, 500, 500, 500, 500, 500, 500, 500, 500, 500, 500, 500, 500, 500, 500], "nb_steps": [500, 1000, 1500, 2000, 2500, 3000, 3500, 4000, 4500, 5000, 5500, 6000, 6500, 7000, 7500, 8000, 8500, 9000, 9500, 10000]}