{"episode_reward": [4002911.410299999, 5644957.537199996, 4231012.637199999, 4142895.298099996, 5395153.908000004], "nb_episode_steps": [500, 500, 500, 500, 500], "nb_steps": [500, 1000, 1500, 2000, 2500]}