{"episode_reward": [23164873.3474, 34274853.327499986, 27324372.673199996, 30274927.047399968, 27697179.261699982], "nb_episode_steps": [500, 500, 500, 500, 500], "nb_steps": [500, 1000, 1500, 2000, 2500]}