{"episode_reward": [78421547.92499998, 88250985.07160005, 78992592.41750002, 74088165.1825999, 75619204.10440001], "nb_episode_steps": [500, 500, 500, 500, 500], "nb_steps": [500, 1000, 1500, 2000, 2500]}