{"episode_reward": [4806804.0118, 4037680.8264000006, 4960622.935899999, 4678841.073999998, 4847053.3781], "nb_episode_steps": [500, 500, 500, 500, 500], "nb_steps": [500, 1000, 1500, 2000, 2500]}