{"episode_reward": [22231314.65259999, 24460382.48620001, 22353090.20089999, 22745816.54959998, 24821977.519499995, 23430473.601400018, 25163427.25, 33585771.52150001, 21991723.32740003, 25733901.031299982, 35075229.94879999, 22748819.591700003, 21818205.017500002, 24589526.83570001, 23400073.777700022, 25832508.527400024, 21484090.3512, 21355183.65680003, 22419193.0526, 21574096.556300018], "nb_episode_steps": [500, 500, 500, 500, 500, 500, 500, 500, 500, 500, 500, 500, 500, 500, 500, 500, 500, 500, 500, 500], "nb_steps": [500, 1000, 1500, 2000, 2500, 3000, 3500, 4000, 4500, 5000, 5500, 6000, 6500, 7000, 7500, 8000, 8500, 9000, 9500, 10000]}