{"episode_reward": [20289171.304400004, 26746313.176099975, 31712518.9974, 18189929.932000004, 23283865.09629999, 35646962.76440002, 21776459.7661, 18158468.69530001, 25215117.00559999, 17631933.6331, 19415965.84659998, 22972756.540700004, 19312198.638299994, 18561495.0229, 16576153.903400002, 23281967.30229997, 21844379.022700008, 18327269.965499993, 28226197.67130001, 26244643.13540001], "nb_episode_steps": [500, 500, 500, 500, 500, 500, 500, 500, 500, 500, 500, 500, 500, 500, 500, 500, 500, 500, 500, 500], "nb_steps": [500, 1000, 1500, 2000, 2500, 3000, 3500, 4000, 4500, 5000, 5500, 6000, 6500, 7000, 7500, 8000, 8500, 9000, 9500, 10000]}