{"episode_reward": [107093727.84740005, 71239031.20640005, 79764792.85949996, 84800085.18630002, 87951024.7204, 86814369.3526001, 70032814.65979995, 109313083.5252001, 95672915.70879993, 69192761.61089994, 80151013.4802, 94043333.896, 85774200.21400003, 87033498.8932999, 67680025.11279999, 101485663.22100003, 101522879.21490008, 68166451.49639995, 89418414.07139997, 101836256.02720001], "nb_episode_steps": [500, 500, 500, 500, 500, 500, 500, 500, 500, 500, 500, 500, 500, 500, 500, 500, 500, 500, 500, 500], "nb_steps": [500, 1000, 1500, 2000, 2500, 3000, 3500, 4000, 4500, 5000, 5500, 6000, 6500, 7000, 7500, 8000, 8500, 9000, 9500, 10000]}