{"episode_reward": [4327584.089099999, 4021976.9522, 5621456.804900006, 4457969.617899994, 4626902.247999999], "nb_episode_steps": [500, 500, 500, 500, 500], "nb_steps": [500, 1000, 1500, 2000, 2500]}