{"episode_reward": [22690011.739800025, 30636749.9701, 31627699.295700002, 29485356.003000006, 26108176.914300017], "nb_episode_steps": [500, 500, 500, 500, 500], "nb_steps": [500, 1000, 1500, 2000, 2500]}