{"episode_reward": [10178423.906899996, 8487044.291599998, 10135676.25589999, 9182776.040800001, 9078747.595799992], "nb_episode_steps": [500, 500, 500, 500, 500], "nb_steps": [500, 1000, 1500, 2000, 2500]}