{"episode_reward": [10210192.4127, 9050812.595399996, 9850078.047500009, 9617978.309999997, 9560043.524199989], "nb_episode_steps": [500, 500, 500, 500, 500], "nb_steps": [500, 1000, 1500, 2000, 2500]}