{"episode_reward": [41828891.757499985, 43128225.453500055, 42366801.60729993, 39553571.23369996, 39371362.689700015, 42140831.52580005, 43016004.47769996, 42252957.214700006, 43703393.651300006, 42170704.967800006, 42782377.944699995, 43534850.43650002, 42781335.92289998, 44374096.247999914, 42180375.54390003, 44074687.61989993, 43439868.33220002, 42952091.83790011, 42825535.35269996, 41619629.2638], "nb_episode_steps": [1000, 1000, 1000, 1000, 1000, 1000, 1000, 1000, 1000, 1000, 1000, 1000, 1000, 1000, 1000, 1000, 1000, 1000, 1000, 1000], "nb_steps": [1000, 2000, 3000, 4000, 5000, 6000, 7000, 8000, 9000, 10000, 11000, 12000, 13000, 14000, 15000, 16000, 17000, 18000, 19000, 20000]}