{"episode_reward": [3893838.742999998, 3518925.243000006, 3119465.7328999983, 3526060.444500001, 3463019.6219999995, 3248857.9817000027, 3399061.530200001, 3294620.839799999, 3438173.4921000004, 3464508.8813999984, 3418363.829500003, 3269823.544, 3664214.923900003, 3146449.1233999976, 3496018.541099997, 3366624.6920000007, 3205446.6175000016, 3514467.1170999995, 3148094.7073999993, 4384902.347600005], "nb_episode_steps": [500, 500, 500, 500, 500, 500, 500, 500, 500, 500, 500, 500, 500, 500, 500, 500, 500, 500, 500, 500], "nb_steps": [500, 1000, 1500, 2000, 2500, 3000, 3500, 4000, 4500, 5000, 5500, 6000, 6500, 7000, 7500, 8000, 8500, 9000, 9500, 10000]}