{"episode_reward": [22560959.8661, 24635375.148299992, 23725858.65149998, 22572246.562400002, 25431050.762999985, 22480184.6265, 24209836.464600004, 24022505.097399987, 23618606.580600023, 22985088.882799976, 23747078.665799998, 22207728.843899988, 22472372.303599972, 25113714.169600002, 23529697.90130002, 23433239.347499993, 23527039.935299996, 24960639.49110003, 22801953.66110002, 24723683.513699967], "nb_episode_steps": [500, 500, 500, 500, 500, 500, 500, 500, 500, 500, 500, 500, 500, 500, 500, 500, 500, 500, 500, 500], "nb_steps": [500, 1000, 1500, 2000, 2500, 3000, 3500, 4000, 4500, 5000, 5500, 6000, 6500, 7000, 7500, 8000, 8500, 9000, 9500, 10000]}