{"episode_reward": [7474862.304099996, 6085653.599999997, 7282718.097200006, 7366215.754300001, 8136604.998400002], "nb_episode_steps": [500, 500, 500, 500, 500], "nb_steps": [500, 1000, 1500, 2000, 2500]}