{"episode_reward": [2995039.0630999985, 2703102.0385999996, 2721289.0973000005, 3084146.314400005, 2843397.5172000006, 2771568.862, 3068208.4114999985, 2719281.794199999, 2676164.6669999985, 2843070.431599999, 2893734.233599999, 2693121.327200002, 2939441.042399998, 2748021.5684, 2884038.6275000023, 2883994.3426999995, 2811047.5621000025, 2929214.016299997, 2855090.730800004, 2788878.4864000008], "nb_episode_steps": [500, 500, 500, 500, 500, 500, 500, 500, 500, 500, 500, 500, 500, 500, 500, 500, 500, 500, 500, 500], "nb_steps": [500, 1000, 1500, 2000, 2500, 3000, 3500, 4000, 4500, 5000, 5500, 6000, 6500, 7000, 7500, 8000, 8500, 9000, 9500, 10000]}