{"episode_reward": [4043815.257300003, 5008565.181099997, 3879331.276700002, 4275289.925100004, 4569688.7239], "nb_episode_steps": [500, 500, 500, 500, 500], "nb_steps": [500, 1000, 1500, 2000, 2500]}