{"episode_reward": [4290897.579399999, 4094653.3525000056, 4693487.588000001, 4510615.7798999995, 3762764.381699999], "nb_episode_steps": [500, 500, 500, 500, 500], "nb_steps": [500, 1000, 1500, 2000, 2500]}