{"episode_reward": [39800460.48119993, 40162498.44150004, 39555650.851499975, 40080545.917500004, 41967206.488000005, 42919949.246900074, 42694913.55939995, 42452548.272800036, 43670139.554500036, 42852664.22460007, 42173037.056100056, 42942136.26860005, 42967961.8415, 43894624.14159998, 41949507.71949998, 43459819.523299985, 41887309.01669996, 53527654.960599914, 62577037.081000015, 42679169.34310006], "nb_episode_steps": [1000, 1000, 1000, 1000, 1000, 1000, 1000, 1000, 1000, 1000, 1000, 1000, 1000, 1000, 1000, 1000, 1000, 1000, 1000, 1000], "nb_steps": [1000, 2000, 3000, 4000, 5000, 6000, 7000, 8000, 9000, 10000, 11000, 12000, 13000, 14000, 15000, 16000, 17000, 18000, 19000, 20000]}