{"episode_reward": [3187120.0098000043, 2947572.886299998, 3446515.173800001, 3272158.654399998, 3204505.349200002, 3535378.197000003, 3191024.711500001, 3071333.8948000027, 3479092.3131000004, 3064853.4812000026, 3080765.403900002, 3511746.703799998, 3050295.927300002, 3494951.765399997, 3107071.518799998, 3091943.7962999963, 3423643.270199998, 3139187.900799999, 2915879.4134000004, 3622902.025100004], "nb_episode_steps": [500, 500, 500, 500, 500, 500, 500, 500, 500, 500, 500, 500, 500, 500, 500, 500, 500, 500, 500, 500], "nb_steps": [500, 1000, 1500, 2000, 2500, 3000, 3500, 4000, 4500, 5000, 5500, 6000, 6500, 7000, 7500, 8000, 8500, 9000, 9500, 10000]}