{"episode_reward": [20265716.87859996, 27044680.51100001, 26080972.92909999, 25157413.05060003, 30102787.66709998, 20057328.44730002, 28833764.00099999, 24975652.284500018, 25690437.23360003, 29602485.26180002, 27379911.118700005, 29893704.318600025, 22453804.809199985, 25611846.491699994, 31162268.142600022, 30848392.083700027, 27295292.700000007, 21967552.77369998, 32634538.4142, 22472799.097099997], "nb_episode_steps": [500, 500, 500, 500, 500, 500, 500, 500, 500, 500, 500, 500, 500, 500, 500, 500, 500, 500, 500, 500], "nb_steps": [500, 1000, 1500, 2000, 2500, 3000, 3500, 4000, 4500, 5000, 5500, 6000, 6500, 7000, 7500, 8000, 8500, 9000, 9500, 10000]}