{"episode_reward": [57864271.04019998, 58146537.6878, 57759547.25899997, 55961142.98830001, 56988527.43080004], "nb_episode_steps": [500, 500, 500, 500, 500], "nb_steps": [500, 1000, 1500, 2000, 2500]}