{"episode_reward": [7744083.396200005, 7985180.203499992, 7705959.126600008, 7778899.698200002, 7721774.510999997, 8041390.481600003, 7892043.988200006, 7623588.281799999, 7380156.657199994, 7574874.366600003, 7720880.813799999, 8074097.780500002, 7798122.893000005, 7840865.355699993, 8053733.538799995, 7933796.843699989, 7609955.245100008, 7525485.4662, 7400234.161599999, 8154802.7658999935], "nb_episode_steps": [500, 500, 500, 500, 500, 500, 500, 500, 500, 500, 500, 500, 500, 500, 500, 500, 500, 500, 500, 500], "nb_steps": [500, 1000, 1500, 2000, 2500, 3000, 3500, 4000, 4500, 5000, 5500, 6000, 6500, 7000, 7500, 8000, 8500, 9000, 9500, 10000]}