{"episode_reward": [67828681.82679999, 31991185.80640001, 171447231.7788999, 87313765.4835, 81778757.83210006], "nb_episode_steps": [500, 500, 500, 500, 500], "nb_steps": [500, 1000, 1500, 2000, 2500]}