{"episode_reward": [7604755.923799999, 6139311.771899995, 7124327.139599999, 6404360.047500002, 5865568.165899997], "nb_episode_steps": [500, 500, 500, 500, 500], "nb_steps": [500, 1000, 1500, 2000, 2500]}