{"episode_reward": [98074288.90190007, 82109956.50659999, 83656514.5313999, 64537427.12630004, 92630692.64219993, 80771197.54559997, 93395015.79510006, 107240027.0061999, 71059665.37950003, 85313244.4665, 71693084.59950005, 92622461.34509999, 85691421.61439994, 92396751.9317, 98943668.05330001, 71889302.73390004, 91498135.9229, 76850162.6365, 99193604.67949998, 101682512.21999995], "nb_episode_steps": [500, 500, 500, 500, 500, 500, 500, 500, 500, 500, 500, 500, 500, 500, 500, 500, 500, 500, 500, 500], "nb_steps": [500, 1000, 1500, 2000, 2500, 3000, 3500, 4000, 4500, 5000, 5500, 6000, 6500, 7000, 7500, 8000, 8500, 9000, 9500, 10000]}