{"episode_reward": [3172984.997099999, 3477323.916999997, 3161552.1372000007, 3260878.932100002, 3535706.380199998, 3218251.770300002, 3289614.9123000037, 3717799.1098000035, 3191095.000100002, 3213207.2468000026, 3643784.908999994, 3224978.4877000004, 3252581.075799998, 3645361.9993000017, 3374413.1936000013, 3266472.873399997, 3686439.359999998, 3291392.3559999987, 3092568.4917000015, 3546876.1743999994], "nb_episode_steps": [500, 500, 500, 500, 500, 500, 500, 500, 500, 500, 500, 500, 500, 500, 500, 500, 500, 500, 500, 500], "nb_steps": [500, 1000, 1500, 2000, 2500, 3000, 3500, 4000, 4500, 5000, 5500, 6000, 6500, 7000, 7500, 8000, 8500, 9000, 9500, 10000]}