{"episode_reward": [3065617.5222000023, 2790128.6818999993, 2962110.9280000003, 3024956.6917000012, 2711177.378000001, 2941736.0234999987, 2910242.517400002, 2732388.5076, 2887929.8715000013, 2890532.144900001, 2770397.4398999996, 2850383.4346999982, 2953517.2869000016, 2929514.8080000025, 2808012.107400003, 2873628.730899996, 2933620.2933000005, 2811343.7235000012, 2836282.6856000004, 2931110.5013999995], "nb_episode_steps": [500, 500, 500, 500, 500, 500, 500, 500, 500, 500, 500, 500, 500, 500, 500, 500, 500, 500, 500, 500], "nb_steps": [500, 1000, 1500, 2000, 2500, 3000, 3500, 4000, 4500, 5000, 5500, 6000, 6500, 7000, 7500, 8000, 8500, 9000, 9500, 10000]}