{"episode_reward": [48713724.92260003, 49093895.39600004, 43676663.55680001, 46790845.79359996, 43865766.0114, 46809943.98279997, 47374545.183799975, 47562588.382000014, 47788290.96089998, 46785986.11960001, 51324086.51609998, 45878141.2821, 51603977.71749995, 50471481.13940001, 47666486.4846, 52137092.12630003, 49160000.2029, 49134591.04869993, 50326140.39840002, 47808948.86580002], "nb_episode_steps": [500, 500, 500, 500, 500, 500, 500, 500, 500, 500, 500, 500, 500, 500, 500, 500, 500, 500, 500, 500], "nb_steps": [500, 1000, 1500, 2000, 2500, 3000, 3500, 4000, 4500, 5000, 5500, 6000, 6500, 7000, 7500, 8000, 8500, 9000, 9500, 10000]}