{"episode_reward": [79176410.45819995, 73550519.58889996, 72758772.42820005, 89805992.22080007, 90796997.46360013], "nb_episode_steps": [500, 500, 500, 500, 500], "nb_steps": [500, 1000, 1500, 2000, 2500]}