{"episode_reward": [19482563.930100005, 19434421.66420001, 23202907.0427, 21644100.464099985, 24418041.7236, 15587842.198000008, 23559076.836099982, 23084810.034400027, 21833116.953700013, 21231391.86110002, 18308280.599000007, 24938115.461000003, 18942719.434100017, 23248707.132400002, 21447616.51170001, 21305893.880199984, 22304098.394700006, 20468897.5995, 24466435.8827, 20233752.89460002], "nb_episode_steps": [500, 500, 500, 500, 500, 500, 500, 500, 500, 500, 500, 500, 500, 500, 500, 500, 500, 500, 500, 500], "nb_steps": [500, 1000, 1500, 2000, 2500, 3000, 3500, 4000, 4500, 5000, 5500, 6000, 6500, 7000, 7500, 8000, 8500, 9000, 9500, 10000]}