{"episode_reward": [5312341.147100006, 4860028.9395, 3957478.1201999965, 5402441.8343, 5382526.415299992], "nb_episode_steps": [500, 500, 500, 500, 500], "nb_steps": [500, 1000, 1500, 2000, 2500]}