{"episode_reward": [29483668.509199984, 34452138.54199998, 26301771.874600027, 25686009.114600003, 2.9411764705915687e+19], "nb_episode_steps": [500, 500, 500, 500, 500], "nb_steps": [500, 1000, 1500, 2000, 2500]}