{"episode_reward": [4736159.430199997, 4258543.180300003, 4968488.4777000025, 4401166.5812, 4756589.491], "nb_episode_steps": [500, 500, 500, 500, 500], "nb_steps": [500, 1000, 1500, 2000, 2500]}