{"episode_reward": [3532352.1288000015, 3359345.5927000013, 3273046.9093000004, 3241461.5919999997, 3302364.000399998, 3187291.4731999994, 3355876.6051999996, 3237274.7065999974, 3332614.8019999983, 3493863.3987, 3795561.5510000023, 4613369.430100005, 3425251.1981999986, 3241251.4337999984, 3244034.780300001, 3371738.1853000037, 3473510.3573000026, 3105949.134899998, 3268822.8370999987, 3532785.116900004], "nb_episode_steps": [500, 500, 500, 500, 500, 500, 500, 500, 500, 500, 500, 500, 500, 500, 500, 500, 500, 500, 500, 500], "nb_steps": [500, 1000, 1500, 2000, 2500, 3000, 3500, 4000, 4500, 5000, 5500, 6000, 6500, 7000, 7500, 8000, 8500, 9000, 9500, 10000]}