{"episode_reward": [9318945.117200013, 8972054.350600004, 9334472.646699997, 9709317.099099996, 9090824.202000007], "nb_episode_steps": [500, 500, 500, 500, 500], "nb_steps": [500, 1000, 1500, 2000, 2500]}