{"episode_reward": [9232416.434999993, 8988296.405000007, 10016403.9927, 9528810.028600007, 9845941.891900001], "nb_episode_steps": [500, 500, 500, 500, 500], "nb_steps": [500, 1000, 1500, 2000, 2500]}