{"episode_reward": [23797055.26330001, 24934295.59370001, 23783396.701000042, 23222306.266200006, 22685763.696000017, 20955937.34840002, 24597372.032500017, 23164436.27560005, 24814977.06250001, 28060220.032200012, 23563532.330100004, 26113347.222699996, 24069008.4518, 25297019.656600013, 25529032.11269998, 25022123.541799996, 24622764.55790001, 23919724.21049998, 24714342.149400022, 26046312.685299996], "nb_episode_steps": [500, 500, 500, 500, 500, 500, 500, 500, 500, 500, 500, 500, 500, 500, 500, 500, 500, 500, 500, 500], "nb_steps": [500, 1000, 1500, 2000, 2500, 3000, 3500, 4000, 4500, 5000, 5500, 6000, 6500, 7000, 7500, 8000, 8500, 9000, 9500, 10000]}