{"episode_reward": [4200905.497500003, 3947875.213, 5342080.443900006, 4015298.2224000003, 4151303.849300001], "nb_episode_steps": [500, 500, 500, 500, 500], "nb_steps": [500, 1000, 1500, 2000, 2500]}