{"episode_reward": [43216020.96270002, 44132853.85220002, 65765937.88099996, 63725608.271699995, 78210647.51070008, 80286916.75880018, 70955796.80999999, 51585537.41910003, 41364775.81460001, 44395707.99449993, 43057989.8656, 43925083.40920004, 42838947.49500001, 43877214.62410003, 43014968.73370001, 42943360.26020005, 42366414.74080002, 43721699.6468, 43598958.66250001, 42913644.8004], "nb_episode_steps": [1000, 1000, 1000, 1000, 1000, 1000, 1000, 1000, 1000, 1000, 1000, 1000, 1000, 1000, 1000, 1000, 1000, 1000, 1000, 1000], "nb_steps": [1000, 2000, 3000, 4000, 5000, 6000, 7000, 8000, 9000, 10000, 11000, 12000, 13000, 14000, 15000, 16000, 17000, 18000, 19000, 20000]}