{"episode_reward": [4717159.347899999, 5122551.180700001, 4386642.200699997, 3956722.5893000006, 4797548.106200002], "nb_episode_steps": [500, 500, 500, 500, 500], "nb_steps": [500, 1000, 1500, 2000, 2500]}