{"episode_reward": [54733060.64860001, 56057966.635000005, 55057577.81719997, 57246035.66630002, 59857956.245299995], "nb_episode_steps": [500, 500, 500, 500, 500], "nb_steps": [500, 1000, 1500, 2000, 2500]}