{"episode_reward": [18929617.532700006, 19688451.108399995, 19286196.419199992, 18801764.027300004, 18527524.35320002, 18853184.4573, 19305550.817299996, 20205672.322899997, 19660045.7488, 19992154.794000003, 20165320.851599995, 19208870.579700008, 19022000.179600026, 19925718.394399997, 19228241.008000005, 18563228.7152, 18576968.772300005, 19682668.190000013, 19267979.663800005, 19319072.192599982], "nb_episode_steps": [500, 500, 500, 500, 500, 500, 500, 500, 500, 500, 500, 500, 500, 500, 500, 500, 500, 500, 500, 500], "nb_steps": [500, 1000, 1500, 2000, 2500, 3000, 3500, 4000, 4500, 5000, 5500, 6000, 6500, 7000, 7500, 8000, 8500, 9000, 9500, 10000]}