{"episode_reward": [7420090.765500001, 8151606.7695, 6143809.289099995, 6745790.481700005, 6729141.552399995], "nb_episode_steps": [500, 500, 500, 500, 500], "nb_steps": [500, 1000, 1500, 2000, 2500]}