{"episode_reward": [24387283.87230001, 24962759.370699972, 21783846.344999984, 24139612.538400013, 24609561.77260001, 22595828.984100033, 24820989.090899996, 22175394.689200018, 21425236.797299992, 23259487.282899983, 23706813.693900008, 24262953.548200022, 23383638.763400033, 24583808.025000013, 24041245.589999996, 23644527.455600005, 21561857.781799987, 23423674.165800013, 22531562.849999994, 22811252.238200013], "nb_episode_steps": [500, 500, 500, 500, 500, 500, 500, 500, 500, 500, 500, 500, 500, 500, 500, 500, 500, 500, 500, 500], "nb_steps": [500, 1000, 1500, 2000, 2500, 3000, 3500, 4000, 4500, 5000, 5500, 6000, 6500, 7000, 7500, 8000, 8500, 9000, 9500, 10000]}