{"episode_reward": [5970793.8868, 6057190.585799995, 7452174.767599996, 7325963.257899997, 5987496.748799994], "nb_episode_steps": [500, 500, 500, 500, 500], "nb_steps": [500, 1000, 1500, 2000, 2500]}