{"episode_reward": [3006540.3030999973, 2752107.4758000034, 2848891.3671999983, 3005906.8541000015, 2759955.377499999, 2994524.5193000003, 2889613.713100003, 2814685.7860999955, 2797241.8182, 2876777.340599999, 2826682.4244000018, 2811822.5581000024, 2985016.593300001, 2901931.583800002, 2695336.5782999974, 2927203.2059999984, 2952363.127300002, 2885838.846699999, 2814237.9868, 2800803.5543000028], "nb_episode_steps": [500, 500, 500, 500, 500, 500, 500, 500, 500, 500, 500, 500, 500, 500, 500, 500, 500, 500, 500, 500], "nb_steps": [500, 1000, 1500, 2000, 2500, 3000, 3500, 4000, 4500, 5000, 5500, 6000, 6500, 7000, 7500, 8000, 8500, 9000, 9500, 10000]}