{"episode_reward": [61070012.94550001, 51890654.4749, 54378765.97200001, 57692770.16219995, 57661387.5874], "nb_episode_steps": [500, 500, 500, 500, 500], "nb_steps": [500, 1000, 1500, 2000, 2500]}