{"episode_reward": [1.4705882352970832e+19, 31647313.004599985, 1284585763432.1548, 29737941.685, 32550281.12089999], "nb_episode_steps": [500, 500, 500, 500, 500], "nb_steps": [500, 1000, 1500, 2000, 2500]}