{"episode_reward": [7697407.080600003, 8003860.568000004, 7888874.476599995, 7398469.041399994, 8275215.043399998, 7274762.1488000015, 8118701.898100006, 7498416.195799998, 7965310.5416, 8370532.917900004, 7942792.126899995, 7773951.0504, 8079016.772599999, 7363132.996000001, 7838410.3247, 8485093.329799997, 7436235.071599999, 8275876.002399996, 7809130.068100001, 8151927.258000002], "nb_episode_steps": [500, 500, 500, 500, 500, 500, 500, 500, 500, 500, 500, 500, 500, 500, 500, 500, 500, 500, 500, 500], "nb_steps": [500, 1000, 1500, 2000, 2500, 3000, 3500, 4000, 4500, 5000, 5500, 6000, 6500, 7000, 7500, 8000, 8500, 9000, 9500, 10000]}