{"episode_reward": [4295352.419300002, 5064676.863299999, 3971661.933799999, 4810627.862700002, 4175988.5790999946], "nb_episode_steps": [500, 500, 500, 500, 500], "nb_steps": [500, 1000, 1500, 2000, 2500]}