{"episode_reward": [3076880.9031999996, 2785048.102500001, 4844641.821900001, 3149579.3695000014, 2760894.097399999, 2853218.8485999997, 2985719.0805, 2866482.153699997, 3005430.156499998, 3576467.5783999986, 2855967.1884999988, 2920774.777600002, 2819447.0080999983, 2971839.0132999984, 4973227.455999998, 2837513.0686000017, 2933452.1125000003, 2847642.970499998, 2793428.7149000014, 2822708.3077999996], "nb_episode_steps": [500, 500, 500, 500, 500, 500, 500, 500, 500, 500, 500, 500, 500, 500, 500, 500, 500, 500, 500, 500], "nb_steps": [500, 1000, 1500, 2000, 2500, 3000, 3500, 4000, 4500, 5000, 5500, 6000, 6500, 7000, 7500, 8000, 8500, 9000, 9500, 10000]}