{"episode_reward": [4050278.2856999976, 3998083.014100004, 4377096.326599998, 4499679.338100001, 2.0000000000004477e+19], "nb_episode_steps": [500, 500, 500, 500, 500], "nb_steps": [500, 1000, 1500, 2000, 2500]}