{"episode_reward": [81444226.38860004, 78065877.29830001, 74930728.57899995, 74183269.6555, 83964439.23280002], "nb_episode_steps": [500, 500, 500, 500, 500], "nb_steps": [500, 1000, 1500, 2000, 2500]}