{"episode_reward": [42444329.756100036, 42674511.57830003, 42423899.84499999, 44031105.724100016, 42127396.86590005, 42587613.88899999, 42634372.942799985, 44434837.053399935, 42409279.8963, 43452795.70740001, 42889235.371800035, 43916535.00830008, 43190208.913499996, 42863254.76080003, 43057642.02679996, 42352939.31440001, 43498040.92880002, 42353250.81610002, 43683948.84880005, 42925347.2471], "nb_episode_steps": [1000, 1000, 1000, 1000, 1000, 1000, 1000, 1000, 1000, 1000, 1000, 1000, 1000, 1000, 1000, 1000, 1000, 1000, 1000, 1000], "nb_steps": [1000, 2000, 3000, 4000, 5000, 6000, 7000, 8000, 9000, 10000, 11000, 12000, 13000, 14000, 15000, 16000, 17000, 18000, 19000, 20000]}