{"episode_reward": [6571621.740999999, 8966279.210600004, 6503711.785800006, 4891171.960800001, 5568380.099600006], "nb_episode_steps": [500, 500, 500, 500, 500], "nb_steps": [500, 1000, 1500, 2000, 2500]}