{"episode_reward": [67600338.3044, 65696691.08839998, 75470592.82870011, 76101906.00480005, 80918912.84559998], "nb_episode_steps": [500, 500, 500, 500, 500], "nb_steps": [500, 1000, 1500, 2000, 2500]}