{"episode_reward": [6191575.1618, 6529594.636299996, 6544158.361699998, 6511603.262899989, 6612176.318099995], "nb_episode_steps": [500, 500, 500, 500, 500], "nb_steps": [500, 1000, 1500, 2000, 2500]}