{"episode_reward": [3447756.8658000007, 3738172.1575000016, 3423083.3955000024, 3627009.1591999982, 3516240.2469000015], "nb_episode_steps": [500, 500, 500, 500, 500], "nb_steps": [500, 1000, 1500, 2000, 2500]}