{"episode_reward": [54013176.41870005, 52459740.14530003, 53156613.19260008, 50515383.420199975, 49454956.411300056], "nb_episode_steps": [500, 500, 500, 500, 500], "nb_steps": [500, 1000, 1500, 2000, 2500]}