{"episode_reward": [2805417.5254, 3497292.4131000005, 2866053.897499997, 2596399.0100999987, 3244555.435299999], "nb_episode_steps": [500, 500, 500, 500, 500], "nb_steps": [500, 1000, 1500, 2000, 2500]}