{"episode_reward": [3959047.3626000006, 3705960.9301000023, 3771147.463000001, 3713923.3765000002, 3714288.676999997], "nb_episode_steps": [500, 500, 500, 500, 500], "nb_steps": [500, 1000, 1500, 2000, 2500]}