{"episode_reward": [20056774.156300023, 27137203.708799977, 22487498.978899963, 25971450.24689999, 22005748.402900003], "nb_episode_steps": [500, 500, 500, 500, 500], "nb_steps": [500, 1000, 1500, 2000, 2500]}