{"episode_reward": [23501660.674700007, 23377599.474000014, 24876450.20959998, 26033252.208199985, 22688693.466599982, 22218913.58200001, 23417087.86590002, 23663654.7435, 22790930.14820002, 23225719.920500003, 23747558.559100043, 25468788.848600004, 24600099.60179999, 23215084.67299999, 25132151.759700004, 25716650.094100006, 23678516.663799986, 23291510.670200028, 25207035.846599985, 24285861.586199988], "nb_episode_steps": [500, 500, 500, 500, 500, 500, 500, 500, 500, 500, 500, 500, 500, 500, 500, 500, 500, 500, 500, 500], "nb_steps": [500, 1000, 1500, 2000, 2500, 3000, 3500, 4000, 4500, 5000, 5500, 6000, 6500, 7000, 7500, 8000, 8500, 9000, 9500, 10000]}