{"episode_reward": [3951754.7027000017, 3964421.7155, 5050864.860999998, 3948703.704699999, 4234221.918899997], "nb_episode_steps": [500, 500, 500, 500, 500], "nb_steps": [500, 1000, 1500, 2000, 2500]}