{"episode_reward": [6076122.005000005, 5407102.785099996, 8348103.5634, 6620513.162499999, 5705789.807299998], "nb_episode_steps": [500, 500, 500, 500, 500], "nb_steps": [500, 1000, 1500, 2000, 2500]}