{"episode_reward": [9843366.090499988, 8447840.7965, 9046330.791400008, 9936722.9089, 9731838.121099994], "nb_episode_steps": [500, 500, 500, 500, 500], "nb_steps": [500, 1000, 1500, 2000, 2500]}