{"episode_reward": [4265334.143400003, 4568497.015199995, 4618954.7695999965, 4186759.036300004, 4736811.843699997], "nb_episode_steps": [500, 500, 500, 500, 500], "nb_steps": [500, 1000, 1500, 2000, 2500]}