{"episode_reward": [7389596.258200009, 7728233.633700007, 7448792.751299997, 10446396.351200003, 7662383.405299996], "nb_episode_steps": [500, 500, 500, 500, 500], "nb_steps": [500, 1000, 1500, 2000, 2500]}