{"episode_reward": [73210537.77399991, 82473986.91739991, 84687196.99589996, 82961539.89169998, 79107379.5576], "nb_episode_steps": [500, 500, 500, 500, 500], "nb_steps": [500, 1000, 1500, 2000, 2500]}