{"episode_reward": [4.166666666670923e+19, 43593838.50519994, 42172680.27269999, 43865906.3987, 42388473.87330002, 43944603.28550002, 42241489.4583, 44050088.86569993, 43422413.91809999, 42893685.58529995, 43006236.219100006, 43468565.81920001, 43171764.599499956, 42714769.32260003, 44116011.91319998, 43066435.01939995, 43402341.115300015, 42724860.20069994, 43819153.52309998, 42220695.44460006], "nb_episode_steps": [1000, 1000, 1000, 1000, 1000, 1000, 1000, 1000, 1000, 1000, 1000, 1000, 1000, 1000, 1000, 1000, 1000, 1000, 1000, 1000], "nb_steps": [1000, 2000, 3000, 4000, 5000, 6000, 7000, 8000, 9000, 10000, 11000, 12000, 13000, 14000, 15000, 16000, 17000, 18000, 19000, 20000]}