{"episode_reward": [59055705.06779997, 60061779.78569998, 63046236.769899994, 61135342.652100004, 55723545.71559994], "nb_episode_steps": [500, 500, 500, 500, 500], "nb_steps": [500, 1000, 1500, 2000, 2500]}