{"episode_reward": [25299113.0406, 32587615.907699984, 34690119.66219998, 29652012.420600016, 28202065.667200003], "nb_episode_steps": [500, 500, 500, 500, 500], "nb_steps": [500, 1000, 1500, 2000, 2500]}