{"episode_reward": [5233452.677099999, 6783594.018100003, 5673918.727599998, 4844199.717699998, 5452592.269799998], "nb_episode_steps": [500, 500, 500, 500, 500], "nb_steps": [500, 1000, 1500, 2000, 2500]}