{"episode_reward": [4162893.5439999998, 4702875.410499999, 3869020.5024000024, 5153463.800000001, 3915058.5459000003], "nb_episode_steps": [500, 500, 500, 500, 500], "nb_steps": [500, 1000, 1500, 2000, 2500]}