{"episode_reward": [23010346.656099994, 23539320.466599993, 24285942.007500015, 23659546.751100034, 23544388.0901, 24334594.86830002, 24917260.584299996, 25660286.63769998, 23353112.77970001, 22389373.566099986, 23973448.999000005, 23740375.583299994, 23277261.056799993, 23975501.396099992, 23728811.599499986, 23688510.708900016, 24324095.04360002, 22950975.46980002, 23350913.25079999, 25107190.719200004], "nb_episode_steps": [500, 500, 500, 500, 500, 500, 500, 500, 500, 500, 500, 500, 500, 500, 500, 500, 500, 500, 500, 500], "nb_steps": [500, 1000, 1500, 2000, 2500, 3000, 3500, 4000, 4500, 5000, 5500, 6000, 6500, 7000, 7500, 8000, 8500, 9000, 9500, 10000]}