{"episode_reward": [8071362.726299998, 6250188.8927000025, 6971352.137500004, 7033734.646299999, 6857310.926800004], "nb_episode_steps": [500, 500, 500, 500, 500], "nb_steps": [500, 1000, 1500, 2000, 2500]}