{"episode_reward": [85632026.07689992, 80664970.02780001, 84946942.76239996, 74377745.6084, 76837285.53880005], "nb_episode_steps": [500, 500, 500, 500, 500], "nb_steps": [500, 1000, 1500, 2000, 2500]}