{"episode_reward": [53453331.89130001, 53594238.33719994, 56149921.82520001, 54545223.61809995, 56703695.943300046], "nb_episode_steps": [500, 500, 500, 500, 500], "nb_steps": [500, 1000, 1500, 2000, 2500]}