{"episode_reward": [42425778.796599984, 43509569.07620006, 42936679.61779998, 43291991.86229995, 42938139.972000025, 43707232.290600024, 42597888.213299975, 43279522.63520003, 43216963.30120002, 43218593.10520004, 43571869.03209995, 50433563.66260003, 41914984.43409999, 36669093.866100006, 54606702.637799986, 48045853.482200034, 23690052.29390002, 1.3513513513564047e+19, 42431300.386800006, 1083312867.9915001], "nb_episode_steps": [1000, 1000, 1000, 1000, 1000, 1000, 1000, 1000, 1000, 1000, 1000, 1000, 1000, 1000, 1000, 1000, 1000, 1000, 1000, 1000], "nb_steps": [1000, 2000, 3000, 4000, 5000, 6000, 7000, 8000, 9000, 10000, 11000, 12000, 13000, 14000, 15000, 16000, 17000, 18000, 19000, 20000]}