{"episode_reward": [4552751.330100002, 5250572.334500001, 3813418.4847000004, 4853128.4591000015, 5141363.358], "nb_episode_steps": [500, 500, 500, 500, 500], "nb_steps": [500, 1000, 1500, 2000, 2500]}