{"episode_reward": [27589435.671499997, 31423316.12929999, 28235702.349000003, 29600564.624899987, 30935441.574399985], "nb_episode_steps": [500, 500, 500, 500, 500], "nb_steps": [500, 1000, 1500, 2000, 2500]}