{"fillp_sheep": {"1": {"1": {"delay": 57.249, "loss": 9.430569080015605e-05, "tput": 1.9469314535890592}, "all": {"delay": 57.249, "loss": 9.430569080015605e-05, "tput": 1.9469314535890592}}}, "indigo": {"1": {"1": {"delay": 16.645, "loss": 0.0, "tput": 2.0077972399887654}, "all": {"delay": 16.645, "loss": 0.0, "tput": 2.0077972399887654}}}, "cubic": {"1": {"1": {"delay": 5116.117, "loss": 0.03854261807977899, "tput": 6.56821061373215}, "all": {"delay": 5116.117, "loss": 0.03854261807977899, "tput": 6.56821061373215}}}, "sprout": {"1": {"1": {"delay": 106.824, "loss": 0.0014162548756139204, "tput": 6.493880765503299}, "all": {"delay": 106.824, "loss": 0.0014162548756139204, "tput": 6.493880765503299}}}, "vivace": {"1": {"1": {"delay": 919.948, "loss": 0.0, "tput": 3.120995010829808}, "all": {"delay": 919.948, "loss": 0.0, "tput": 3.120995010829808}}}, "scream": {"1": {"1": {"delay": 11.64, "loss": 0.0, "tput": 0.12503130592786502}, "all": {"delay": 11.64, "loss": 0.0, "tput": 0.12503130592786502}}}, "vegas": {}, "bbr": {}, "pcc": {"1": {"1": {"delay": 250.435, "loss": 0.0, "tput": 1.9490024639506907}, "all": {"delay": 250.435, "loss": 0.0, "tput": 1.9490024639506907}}}, "pcc_experimental": {"1": {"1": {"delay": 9931.234, "loss": 0.01764556520026961, "tput": 5.925381737957183}, "all": {"delay": 9931.234, "loss": 0.01764556520026961, "tput": 5.925381737957183}}}, "webrtc": {"1": {"1": {"delay": 24.75, "loss": 9.05609344278302e-05, "tput": 1.3834219886219241}, "all": {"delay": 24.75, "loss": 9.05609344278302e-05, "tput": 1.3834219886219241}}}, "fillp": {"1": {"1": {"delay": 295.84, "loss": 0.0029733468860421164, "tput": 6.486612920918797}, "all": {"delay": 295.84, "loss": 0.0029733468860421164, "tput": 6.486612920918797}}}, "ledbat": {"1": {"1": {"delay": 181.629, "loss": 0.0004250402466973169, "tput": 6.432468148621995}, "all": {"delay": 181.629, "loss": 0.0004250402466973169, "tput": 6.432468148621995}}}}