{
  "cubic": {
    "1": {
      "1": {
        "delay": 10300.92,
        "loss": 0.28322111530788274,
        "tput": 0.9420783597873068
      },
      "all": {
        "delay": 10300.92,
        "loss": 0.28322111530788274,
        "tput": 0.9420783597873068
      }
    }
  }
}
