{"cubic": {"1": {"1": {"delay": 5549.093, "loss": 0.11882187607804351, "tput": 4.216136070549049}, "all": {"delay": 5549.093, "loss": 0.11882187607804351, "tput": 4.216136070549049}}}}