{"fillp_sheep": {"1": {"1": {"delay": 18.953, "loss": 0.0006775441663344761, "tput": 37.31881963083404}, "all": {"delay": 18.953, "loss": 0.0006775441663344761, "tput": 37.31881963083404}}}, "indigo": {"1": {"1": {"delay": 3.95, "loss": 0.00011140836927148179, "tput": 21.593172777724313}, "all": {"delay": 3.95, "loss": 0.00011140836927148179, "tput": 21.593172777724313}}}, "cubic": {"1": {"1": {"delay": 477.841, "loss": 0.012940887154933467, "tput": 47.62617124737752}, "all": {"delay": 477.841, "loss": 0.012940887154933467, "tput": 47.62617124737752}}}, "sprout": {"1": {"1": {"delay": 18.349, "loss": 0.0004548505803593228, "tput": 40.15877805828165}, "all": {"delay": 18.349, "loss": 0.0004548505803593228, "tput": 40.15877805828165}}}, "vivace": {"1": {"1": {"delay": 1.564, "loss": 3.729495049220599e-05, "tput": 10.299150597859633}, "all": {"delay": 1.564, "loss": 3.729495049220599e-05, "tput": 10.299150597859633}}}, "scream": {"1": {"1": {"delay": 1.677, "loss": 0.0, "tput": 0.21746764429404022}, "all": {"delay": 1.677, "loss": 0.0, "tput": 0.21746764429404022}}}, "vegas": {}, "bbr": {}, "quic": {"1": {"1": {"delay": 144.171, "loss": 0.005381408767715756, "tput": 45.30851312161616}, "all": {"delay": 144.171, "loss": 0.005381408767715756, "tput": 45.30851312161616}}}, "pcc": {"1": {"1": {"delay": 1.304, "loss": 0.00013686860686734637, "tput": 2.935633734422033}, "all": {"delay": 1.304, "loss": 0.00013686860686734637, "tput": 2.935633734422033}}}, "pcc_experimental": {"1": {"1": {"delay": 1.214, "loss": 4.8945651633824916e-05, "tput": 8.700663562335833}, "all": {"delay": 1.214, "loss": 4.8945651633824916e-05, "tput": 8.700663562335833}}}, "webrtc": {"1": {"1": {"delay": 1.574, "loss": 0.0, "tput": 1.5300186782010121}, "all": {"delay": 1.574, "loss": 0.0, "tput": 1.5300186782010121}}}, "fillp": {"1": {"1": {"delay": 56.116, "loss": 0.0005517740826115336, "tput": 47.50384078606044}, "all": {"delay": 56.116, "loss": 0.0005517740826115336, "tput": 47.50384078606044}}}, "ledbat": {"1": {"1": {"delay": 90.732, "loss": 0.0032766251977538463, "tput": 44.62957858463465}, "all": {"delay": 90.732, "loss": 0.0032766251977538463, "tput": 44.62957858463465}}}}