{"cubic": {"1": {"1": {"delay": 2251.773, "loss": 0.04377978336448607, "tput": 7.485236200268034}, "all": {"delay": 2251.773, "loss": 0.04377978336448607, "tput": 7.485236200268034}}}}