{
	"start":	{
		"connected":	[{
				"socket":	5,
				"local_host":	"100.64.0.2",
				"local_port":	39128,
				"remote_host":	"10.120.8.116",
				"remote_port":	5201
			}],
		"version":	"iperf 3.1.3",
		"system_info":	"Linux lorenzo-nrg 5.4.232 #2 SMP Thu Feb 23 21:13:11 CST 2023 x86_64",
		"timestamp":	{
			"time":	"Tue, 21 Mar 2023 22:37:08 GMT",
			"timesecs":	1679438228
		},
		"connecting_to":	{
			"host":	"10.120.8.116",
			"port":	5201
		},
		"cookie":	"lorenzo-nrg.1679438228.791740.508fe7",
		"tcp_mss_default":	1448,
		"test_start":	{
			"protocol":	"TCP",
			"num_streams":	1,
			"blksize":	131072,
			"omit":	0,
			"duration":	86400,
			"bytes":	0,
			"blocks":	0,
			"reverse":	0
		}
	},
	"intervals":	[{
			"streams":	[{
					"socket":	5,
					"start":	0,
					"end":	1.000799,
					"seconds":	1.000799,
					"bytes":	644360,
					"bits_per_second":	5150764.844543,
					"retransmits":	1,
					"snd_cwnd":	1448,
					"rtt":	54998,
					"omitted":	false
				}],
			"sum":	{
				"start":	0,
				"end":	1.000799,
				"seconds":	1.000799,
				"bytes":	644360,
				"bits_per_second":	5150764.844543,
				"retransmits":	1,
				"omitted":	false
			}
		}, {
			"streams":	[{
					"socket":	5,
					"start":	1.000799,
					"end":	2.000262,
					"seconds":	0.999463,
					"bytes":	1240936,
					"bits_per_second":	9932821.116807,
					"retransmits":	1,
					"snd_cwnd":	55024,
					"rtt":	22415,
					"omitted":	false
				}],
			"sum":	{
				"start":	1.000799,
				"end":	2.000262,
				"seconds":	0.999463,
				"bytes":	1240936,
				"bits_per_second":	9932821.116807,
				"retransmits":	1,
				"omitted":	false
			}
		}, {
			"streams":	[{
					"socket":	5,
					"start":	2.000262,
					"end":	3.000332,
					"seconds":	1.000070,
					"bytes":	1303200,
					"bits_per_second":	10424871.753449,
					"retransmits":	0,
					"snd_cwnd":	55024,
					"rtt":	52789,
					"omitted":	false
				}],
			"sum":	{
				"start":	2.000262,
				"end":	3.000332,
				"seconds":	1.000070,
				"bytes":	1303200,
				"bits_per_second":	10424871.753449,
				"retransmits":	0,
				"omitted":	false
			}
		}, {
			"streams":	[{
					"socket":	5,
					"start":	3.000332,
					"end":	4.001152,
					"seconds":	1.000820,
					"bytes":	0,
					"bits_per_second":	0,
					"retransmits":	2,
					"snd_cwnd":	1448,
					"rtt":	52789,
					"omitted":	false
				}],
			"sum":	{
				"start":	3.000332,
				"end":	4.001152,
				"seconds":	1.000820,
				"bytes":	0,
				"bits_per_second":	0,
				"retransmits":	2,
				"omitted":	false
			}
		}, {
			"streams":	[{
					"socket":	5,
					"start":	4.001152,
					"end":	5.001152,
					"seconds":	1,
					"bytes":	0,
					"bits_per_second":	0,
					"retransmits":	1,
					"snd_cwnd":	1448,
					"rtt":	52789,
					"omitted":	false
				}],
			"sum":	{
				"start":	4.001152,
				"end":	5.001152,
				"seconds":	1,
				"bytes":	0,
				"bits_per_second":	0,
				"retransmits":	1,
				"omitted":	false
			}
		}, {
			"streams":	[{
					"socket":	5,
					"start":	5.001152,
					"end":	6.000289,
					"seconds":	0.999137,
					"bytes":	260640,
					"bits_per_second":	2086921.170024,
					"retransmits":	0,
					"snd_cwnd":	66608,
					"rtt":	52842,
					"omitted":	false
				}],
			"sum":	{
				"start":	5.001152,
				"end":	6.000289,
				"seconds":	0.999137,
				"bytes":	260640,
				"bits_per_second":	2086921.170024,
				"retransmits":	0,
				"omitted":	false
			}
		}, {
			"streams":	[{
					"socket":	5,
					"start":	6.000289,
					"end":	7.000497,
					"seconds":	1.000208,
					"bytes":	521280,
					"bits_per_second":	4169372.189293,
					"retransmits":	0,
					"snd_cwnd":	57920,
					"rtt":	64992,
					"omitted":	false
				}],
			"sum":	{
				"start":	6.000289,
				"end":	7.000497,
				"seconds":	1.000208,
				"bytes":	521280,
				"bits_per_second":	4169372.189293,
				"retransmits":	0,
				"omitted":	false
			}
		}, {
			"streams":	[{
					"socket":	5,
					"start":	7.000497,
					"end":	8.000515,
					"seconds":	1.000018,
					"bytes":	586440,
					"bits_per_second":	4691436.110585,
					"retransmits":	0,
					"snd_cwnd":	46336,
					"rtt":	79143,
					"omitted":	false
				}],
			"sum":	{
				"start":	7.000497,
				"end":	8.000515,
				"seconds":	1.000018,
				"bytes":	586440,
				"bits_per_second":	4691436.110585,
				"retransmits":	0,
				"omitted":	false
			}
		}, {
			"streams":	[{
					"socket":	5,
					"start":	8.000515,
					"end":	9.001154,
					"seconds":	1.000639,
					"bytes":	0,
					"bits_per_second":	0,
					"retransmits":	1,
					"snd_cwnd":	46336,
					"rtt":	665078,
					"omitted":	false
				}],
			"sum":	{
				"start":	8.000515,
				"end":	9.001154,
				"seconds":	1.000639,
				"bytes":	0,
				"bits_per_second":	0,
				"retransmits":	1,
				"omitted":	false
			}
		}, {
			"streams":	[{
					"socket":	5,
					"start":	9.001154,
					"end":	9.666210,
					"seconds":	0.665056,
					"bytes":	0,
					"bits_per_second":	0,
					"retransmits":	0,
					"snd_cwnd":	52128,
					"rtt":	190651,
					"omitted":	false
				}],
			"sum":	{
				"start":	9.001154,
				"end":	9.666210,
				"seconds":	0.665056,
				"bytes":	0,
				"bits_per_second":	0,
				"retransmits":	0,
				"omitted":	false
			}
		}],
	"end":	{
		"streams":	[{
				"sender":	{
					"socket":	5,
					"start":	0,
					"end":	9.666210,
					"seconds":	9.666210,
					"bytes":	4556856,
					"bits_per_second":	3771369.362018,
					"retransmits":	6,
					"max_snd_cwnd":	66608,
					"max_rtt":	665078,
					"min_rtt":	22415,
					"mean_rtt":	128848
				},
				"receiver":	{
					"socket":	5,
					"start":	0,
					"end":	9.666210,
					"seconds":	9.666210,
					"bytes":	0,
					"bits_per_second":	0
				}
			}],
		"sum_sent":	{
			"start":	0,
			"end":	9.666210,
			"seconds":	9.666210,
			"bytes":	4556856,
			"bits_per_second":	3771369.362018,
			"retransmits":	6
		},
		"sum_received":	{
			"start":	0,
			"end":	9.666210,
			"seconds":	9.666210,
			"bytes":	0,
			"bits_per_second":	0
		},
		"cpu_utilization_percent":	{
			"host_total":	0.152673,
			"host_user":	0.042325,
			"host_system":	0.110390,
			"remote_total":	0,
			"remote_user":	0,
			"remote_system":	0
		}
	},
	"error":	"interrupt - the client has terminated"
}
