{
	"start":	{
		"connected":	[{
				"socket":	5,
				"local_host":	"100.64.0.2",
				"local_port":	36000,
				"remote_host":	"10.120.8.116",
				"remote_port":	5201
			}],
		"version":	"iperf 3.1.3",
		"system_info":	"Linux lorenzo-nrg 5.4.232 #2 SMP Thu Feb 23 21:13:11 CST 2023 x86_64",
		"timestamp":	{
			"time":	"Wed, 22 Mar 2023 19:30:34 GMT",
			"timesecs":	1679513434
		},
		"connecting_to":	{
			"host":	"10.120.8.116",
			"port":	5201
		},
		"cookie":	"lorenzo-nrg.1679513433.375398.1069f9",
		"tcp_mss_default":	1448,
		"test_start":	{
			"protocol":	"TCP",
			"num_streams":	1,
			"blksize":	131072,
			"omit":	0,
			"duration":	86400,
			"bytes":	0,
			"blocks":	0,
			"reverse":	0
		}
	},
	"intervals":	[{
			"streams":	[{
					"socket":	5,
					"start":	0,
					"end":	1.000400,
					"seconds":	1.000400,
					"bytes":	238920,
					"bits_per_second":	1910595.634929,
					"retransmits":	0,
					"snd_cwnd":	56472,
					"rtt":	315566,
					"omitted":	false
				}],
			"sum":	{
				"start":	0,
				"end":	1.000400,
				"seconds":	1.000400,
				"bytes":	238920,
				"bits_per_second":	1910595.634929,
				"retransmits":	0,
				"omitted":	false
			}
		}, {
			"streams":	[{
					"socket":	5,
					"start":	1.000400,
					"end":	2.000508,
					"seconds":	1.000108,
					"bytes":	215752,
					"bits_per_second":	1725829.604162,
					"retransmits":	0,
					"snd_cwnd":	70952,
					"rtt":	415215,
					"omitted":	false
				}],
			"sum":	{
				"start":	1.000400,
				"end":	2.000508,
				"seconds":	1.000108,
				"bytes":	215752,
				"bits_per_second":	1725829.604162,
				"retransmits":	0,
				"omitted":	false
			}
		}, {
			"streams":	[{
					"socket":	5,
					"start":	2.000508,
					"end":	3.000267,
					"seconds":	0.999759,
					"bytes":	117288,
					"bits_per_second":	938530.224436,
					"retransmits":	0,
					"snd_cwnd":	78192,
					"rtt":	556656,
					"omitted":	false
				}],
			"sum":	{
				"start":	2.000508,
				"end":	3.000267,
				"seconds":	0.999759,
				"bytes":	117288,
				"bits_per_second":	938530.224436,
				"retransmits":	0,
				"omitted":	false
			}
		}, {
			"streams":	[{
					"socket":	5,
					"start":	3.000267,
					"end":	4.000545,
					"seconds":	1.000278,
					"bytes":	175208,
					"bits_per_second":	1401274.451219,
					"retransmits":	0,
					"snd_cwnd":	83984,
					"rtt":	571749,
					"omitted":	false
				}],
			"sum":	{
				"start":	3.000267,
				"end":	4.000545,
				"seconds":	1.000278,
				"bytes":	175208,
				"bits_per_second":	1401274.451219,
				"retransmits":	0,
				"omitted":	false
			}
		}, {
			"streams":	[{
					"socket":	5,
					"start":	4.000545,
					"end":	5.000168,
					"seconds":	0.999623,
					"bytes":	159280,
					"bits_per_second":	1274720.492854,
					"retransmits":	0,
					"snd_cwnd":	17376,
					"rtt":	482091,
					"omitted":	false
				}],
			"sum":	{
				"start":	4.000545,
				"end":	5.000168,
				"seconds":	0.999623,
				"bytes":	159280,
				"bits_per_second":	1274720.492854,
				"retransmits":	0,
				"omitted":	false
			}
		}, {
			"streams":	[{
					"socket":	5,
					"start":	5.000168,
					"end":	5.307750,
					"seconds":	0.307582,
					"bytes":	0,
					"bits_per_second":	0,
					"retransmits":	0,
					"snd_cwnd":	20272,
					"rtt":	534893,
					"omitted":	false
				}],
			"sum":	{
				"start":	5.000168,
				"end":	5.307750,
				"seconds":	0.307582,
				"bytes":	0,
				"bits_per_second":	0,
				"retransmits":	0,
				"omitted":	false
			}
		}],
	"end":	{
		"streams":	[{
				"sender":	{
					"socket":	5,
					"start":	0,
					"end":	5.307750,
					"seconds":	5.307750,
					"bytes":	906448,
					"bits_per_second":	1366225.616926,
					"retransmits":	0,
					"max_snd_cwnd":	83984,
					"max_rtt":	571749,
					"min_rtt":	315566,
					"mean_rtt":	479361
				},
				"receiver":	{
					"socket":	5,
					"start":	0,
					"end":	5.307750,
					"seconds":	5.307750,
					"bytes":	0,
					"bits_per_second":	0
				}
			}],
		"sum_sent":	{
			"start":	0,
			"end":	5.307750,
			"seconds":	5.307750,
			"bytes":	906448,
			"bits_per_second":	1366225.616926,
			"retransmits":	0
		},
		"sum_received":	{
			"start":	0,
			"end":	5.307750,
			"seconds":	5.307750,
			"bytes":	0,
			"bits_per_second":	0
		},
		"cpu_utilization_percent":	{
			"host_total":	0.399286,
			"host_user":	0.277786,
			"host_system":	0.121482,
			"remote_total":	0,
			"remote_user":	0,
			"remote_system":	0
		}
	},
	"error":	"interrupt - the client has terminated"
}
