{
	"start":	{
		"connected":	[{
				"socket":	5,
				"local_host":	"100.64.0.2",
				"local_port":	39114,
				"remote_host":	"10.120.8.116",
				"remote_port":	5201
			}],
		"version":	"iperf 3.1.3",
		"system_info":	"Linux lorenzo-nrg 5.4.232 #2 SMP Thu Feb 23 21:13:11 CST 2023 x86_64",
		"timestamp":	{
			"time":	"Tue, 21 Mar 2023 22:37:00 GMT",
			"timesecs":	1679438220
		},
		"connecting_to":	{
			"host":	"10.120.8.116",
			"port":	5201
		},
		"cookie":	"lorenzo-nrg.1679438219.717400.7b33f6",
		"tcp_mss_default":	1448,
		"test_start":	{
			"protocol":	"TCP",
			"num_streams":	1,
			"blksize":	131072,
			"omit":	0,
			"duration":	86400,
			"bytes":	0,
			"blocks":	0,
			"reverse":	0
		}
	},
	"intervals":	[{
			"streams":	[{
					"socket":	5,
					"start":	0,
					"end":	1.000510,
					"seconds":	1.000510,
					"bytes":	356208,
					"bits_per_second":	2848211.476685,
					"retransmits":	0,
					"snd_cwnd":	26064,
					"rtt":	100824,
					"omitted":	false
				}],
			"sum":	{
				"start":	0,
				"end":	1.000510,
				"seconds":	1.000510,
				"bytes":	356208,
				"bits_per_second":	2848211.476685,
				"retransmits":	0,
				"omitted":	false
			}
		}, {
			"streams":	[{
					"socket":	5,
					"start":	1.000510,
					"end":	2.000402,
					"seconds":	0.999892,
					"bytes":	163624,
					"bits_per_second":	1309133.391141,
					"retransmits":	0,
					"snd_cwnd":	23168,
					"rtt":	180326,
					"omitted":	false
				}],
			"sum":	{
				"start":	1.000510,
				"end":	2.000402,
				"seconds":	0.999892,
				"bytes":	163624,
				"bits_per_second":	1309133.391141,
				"retransmits":	0,
				"omitted":	false
			}
		}, {
			"streams":	[{
					"socket":	5,
					"start":	2.000402,
					"end":	3.000202,
					"seconds":	0.999800,
					"bytes":	130320,
					"bits_per_second":	1042768.588325,
					"retransmits":	0,
					"snd_cwnd":	34752,
					"rtt":	223684,
					"omitted":	false
				}],
			"sum":	{
				"start":	2.000402,
				"end":	3.000202,
				"seconds":	0.999800,
				"bytes":	130320,
				"bits_per_second":	1042768.588325,
				"retransmits":	0,
				"omitted":	false
			}
		}, {
			"streams":	[{
					"socket":	5,
					"start":	3.000202,
					"end":	4.000365,
					"seconds":	1.000163,
					"bytes":	130320,
					"bits_per_second":	1042390.008801,
					"retransmits":	0,
					"snd_cwnd":	36200,
					"rtt":	182986,
					"omitted":	false
				}],
			"sum":	{
				"start":	3.000202,
				"end":	4.000365,
				"seconds":	1.000163,
				"bytes":	130320,
				"bits_per_second":	1042390.008801,
				"retransmits":	0,
				"omitted":	false
			}
		}, {
			"streams":	[{
					"socket":	5,
					"start":	4.000365,
					"end":	5.000460,
					"seconds":	1.000095,
					"bytes":	130320,
					"bits_per_second":	1042461.080248,
					"retransmits":	0,
					"snd_cwnd":	37648,
					"rtt":	165653,
					"omitted":	false
				}],
			"sum":	{
				"start":	4.000365,
				"end":	5.000460,
				"seconds":	1.000095,
				"bytes":	130320,
				"bits_per_second":	1042461.080248,
				"retransmits":	0,
				"omitted":	false
			}
		}, {
			"streams":	[{
					"socket":	5,
					"start":	5.000460,
					"end":	5.937203,
					"seconds":	0.936743,
					"bytes":	0,
					"bits_per_second":	0,
					"retransmits":	0,
					"snd_cwnd":	82536,
					"rtt":	456713,
					"omitted":	false
				}],
			"sum":	{
				"start":	5.000460,
				"end":	5.937203,
				"seconds":	0.936743,
				"bytes":	0,
				"bits_per_second":	0,
				"retransmits":	0,
				"omitted":	false
			}
		}],
	"end":	{
		"streams":	[{
				"sender":	{
					"socket":	5,
					"start":	0,
					"end":	5.937203,
					"seconds":	5.937203,
					"bytes":	910792,
					"bits_per_second":	1227233.780848,
					"retransmits":	0,
					"max_snd_cwnd":	82536,
					"max_rtt":	456713,
					"min_rtt":	100824,
					"mean_rtt":	218364
				},
				"receiver":	{
					"socket":	5,
					"start":	0,
					"end":	5.937203,
					"seconds":	5.937203,
					"bytes":	0,
					"bits_per_second":	0
				}
			}],
		"sum_sent":	{
			"start":	0,
			"end":	5.937203,
			"seconds":	5.937203,
			"bytes":	910792,
			"bits_per_second":	1227233.780848,
			"retransmits":	0
		},
		"sum_received":	{
			"start":	0,
			"end":	5.937203,
			"seconds":	5.937203,
			"bytes":	0,
			"bits_per_second":	0
		},
		"cpu_utilization_percent":	{
			"host_total":	0.354641,
			"host_user":	0.166533,
			"host_system":	0.188075,
			"remote_total":	0,
			"remote_user":	0,
			"remote_system":	0
		}
	},
	"error":	"interrupt - the client has terminated"
}
