{
	"start":	{
		"connected":	[{
				"socket":	5,
				"local_host":	"100.64.0.2",
				"local_port":	51802,
				"remote_host":	"10.120.8.116",
				"remote_port":	5201
			}],
		"version":	"iperf 3.1.3",
		"system_info":	"Linux lorenzo-nrg 5.4.232 #2 SMP Thu Feb 23 21:13:11 CST 2023 x86_64",
		"timestamp":	{
			"time":	"Wed, 22 Mar 2023 19:34:19 GMT",
			"timesecs":	1679513659
		},
		"connecting_to":	{
			"host":	"10.120.8.116",
			"port":	5201
		},
		"cookie":	"lorenzo-nrg.1679513658.448721.0ef988",
		"tcp_mss_default":	1448,
		"test_start":	{
			"protocol":	"TCP",
			"num_streams":	1,
			"blksize":	131072,
			"omit":	0,
			"duration":	86400,
			"bytes":	0,
			"blocks":	0,
			"reverse":	0
		}
	},
	"intervals":	[{
			"streams":	[{
					"socket":	5,
					"start":	0,
					"end":	1.000432,
					"seconds":	1.000432,
					"bytes":	1668096,
					"bits_per_second":	13339005.356733,
					"retransmits":	0,
					"snd_cwnd":	183896,
					"rtt":	491060,
					"omitted":	false
				}],
			"sum":	{
				"start":	0,
				"end":	1.000432,
				"seconds":	1.000432,
				"bytes":	1668096,
				"bits_per_second":	13339005.356733,
				"retransmits":	0,
				"omitted":	false
			}
		}, {
			"streams":	[{
					"socket":	5,
					"start":	1.000432,
					"end":	2.001112,
					"seconds":	1.000680,
					"bytes":	72400,
					"bits_per_second":	578806.429115,
					"retransmits":	0,
					"snd_cwnd":	199824,
					"rtt":	832103,
					"omitted":	false
				}],
			"sum":	{
				"start":	1.000432,
				"end":	2.001112,
				"seconds":	1.000680,
				"bytes":	72400,
				"bits_per_second":	578806.429115,
				"retransmits":	0,
				"omitted":	false
			}
		}, {
			"streams":	[{
					"socket":	5,
					"start":	2.001112,
					"end":	3.001274,
					"seconds":	1.000162,
					"bytes":	325800,
					"bits_per_second":	2605977.506851,
					"retransmits":	0,
					"snd_cwnd":	205616,
					"rtt":	1407398,
					"omitted":	false
				}],
			"sum":	{
				"start":	2.001112,
				"end":	3.001274,
				"seconds":	1.000162,
				"bytes":	325800,
				"bits_per_second":	2605977.506851,
				"retransmits":	0,
				"omitted":	false
			}
		}, {
			"streams":	[{
					"socket":	5,
					"start":	3.001274,
					"end":	4.001192,
					"seconds":	0.999918,
					"bytes":	130320,
					"bits_per_second":	1042645.513605,
					"retransmits":	0,
					"snd_cwnd":	212856,
					"rtt":	1516471,
					"omitted":	false
				}],
			"sum":	{
				"start":	3.001274,
				"end":	4.001192,
				"seconds":	0.999918,
				"bytes":	130320,
				"bits_per_second":	1042645.513605,
				"retransmits":	0,
				"omitted":	false
			}
		}, {
			"streams":	[{
					"socket":	5,
					"start":	4.001192,
					"end":	4.282776,
					"seconds":	0.281584,
					"bytes":	0,
					"bits_per_second":	0,
					"retransmits":	0,
					"snd_cwnd":	214304,
					"rtt":	1513245,
					"omitted":	false
				}],
			"sum":	{
				"start":	4.001192,
				"end":	4.282776,
				"seconds":	0.281584,
				"bytes":	0,
				"bits_per_second":	0,
				"retransmits":	0,
				"omitted":	false
			}
		}],
	"end":	{
		"streams":	[{
				"sender":	{
					"socket":	5,
					"start":	0,
					"end":	4.282776,
					"seconds":	4.282776,
					"bytes":	2196616,
					"bits_per_second":	4103162.882812,
					"retransmits":	0,
					"max_snd_cwnd":	214304,
					"max_rtt":	1516471,
					"min_rtt":	491060,
					"mean_rtt":	1152055
				},
				"receiver":	{
					"socket":	5,
					"start":	0,
					"end":	4.282776,
					"seconds":	4.282776,
					"bytes":	0,
					"bits_per_second":	0
				}
			}],
		"sum_sent":	{
			"start":	0,
			"end":	4.282776,
			"seconds":	4.282776,
			"bytes":	2196616,
			"bits_per_second":	4103162.882812,
			"retransmits":	0
		},
		"sum_received":	{
			"start":	0,
			"end":	4.282776,
			"seconds":	4.282776,
			"bytes":	0,
			"bits_per_second":	0
		},
		"cpu_utilization_percent":	{
			"host_total":	0.505471,
			"host_user":	0.183528,
			"host_system":	0.321899,
			"remote_total":	0,
			"remote_user":	0,
			"remote_system":	0
		}
	},
	"error":	"interrupt - the client has terminated"
}
