{
	"start":	{
		"connected":	[{
				"socket":	5,
				"local_host":	"100.64.0.2",
				"local_port":	43470,
				"remote_host":	"10.0.2.15",
				"remote_port":	5201
			}],
		"version":	"iperf 3.1.3",
		"system_info":	"Linux ubuntu-bionic 5.4.239 #2 SMP Tue Apr 4 21:06:07 CDT 2023 x86_64",
		"timestamp":	{
			"time":	"Sat, 22 Apr 2023 01:27:06 GMT",
			"timesecs":	1682126826
		},
		"connecting_to":	{
			"host":	"10.0.2.15",
			"port":	5201
		},
		"cookie":	"ubuntu-bionic.1682126826.086792.7066",
		"tcp_mss_default":	1448,
		"test_start":	{
			"protocol":	"TCP",
			"num_streams":	1,
			"blksize":	131072,
			"omit":	0,
			"duration":	10,
			"bytes":	0,
			"blocks":	0,
			"reverse":	0
		}
	},
	"intervals":	[{
			"streams":	[{
					"socket":	5,
					"start":	0,
					"end":	1.000482,
					"seconds":	1.000482,
					"bytes":	311320,
					"bits_per_second":	2489360.516700,
					"retransmits":	0,
					"snd_cwnd":	68056,
					"rtt":	429222,
					"omitted":	false
				}],
			"sum":	{
				"start":	0,
				"end":	1.000482,
				"seconds":	1.000482,
				"bytes":	311320,
				"bits_per_second":	2489360.516700,
				"retransmits":	0,
				"omitted":	false
			}
		}, {
			"streams":	[{
					"socket":	5,
					"start":	1.000482,
					"end":	2.000482,
					"seconds":	1,
					"bytes":	118736,
					"bits_per_second":	949888,
					"retransmits":	0,
					"snd_cwnd":	75296,
					"rtt":	504501,
					"omitted":	false
				}],
			"sum":	{
				"start":	1.000482,
				"end":	2.000482,
				"seconds":	1,
				"bytes":	118736,
				"bits_per_second":	949888,
				"retransmits":	0,
				"omitted":	false
			}
		}, {
			"streams":	[{
					"socket":	5,
					"start":	2.000482,
					"end":	3.000435,
					"seconds":	0.999953,
					"bytes":	183896,
					"bits_per_second":	1471237.101741,
					"retransmits":	0,
					"snd_cwnd":	81088,
					"rtt":	589871,
					"omitted":	false
				}],
			"sum":	{
				"start":	2.000482,
				"end":	3.000435,
				"seconds":	0.999953,
				"bytes":	183896,
				"bits_per_second":	1471237.101741,
				"retransmits":	0,
				"omitted":	false
			}
		}, {
			"streams":	[{
					"socket":	5,
					"start":	3.000435,
					"end":	4.000186,
					"seconds":	0.999751,
					"bytes":	114392,
					"bits_per_second":	915363.842295,
					"retransmits":	0,
					"snd_cwnd":	88328,
					"rtt":	607169,
					"omitted":	false
				}],
			"sum":	{
				"start":	3.000435,
				"end":	4.000186,
				"seconds":	0.999751,
				"bytes":	114392,
				"bits_per_second":	915363.842295,
				"retransmits":	0,
				"omitted":	false
			}
		}, {
			"streams":	[{
					"socket":	5,
					"start":	4.000186,
					"end":	5.000644,
					"seconds":	1.000458,
					"bytes":	150592,
					"bits_per_second":	1204184.480990,
					"retransmits":	0,
					"snd_cwnd":	98464,
					"rtt":	510667,
					"omitted":	false
				}],
			"sum":	{
				"start":	4.000186,
				"end":	5.000644,
				"seconds":	1.000458,
				"bytes":	150592,
				"bits_per_second":	1204184.480990,
				"retransmits":	0,
				"omitted":	false
			}
		}, {
			"streams":	[{
					"socket":	5,
					"start":	5.000644,
					"end":	6.000699,
					"seconds":	1.000055,
					"bytes":	178104,
					"bits_per_second":	1424753.532138,
					"retransmits":	0,
					"snd_cwnd":	127424,
					"rtt":	727653,
					"omitted":	false
				}],
			"sum":	{
				"start":	5.000644,
				"end":	6.000699,
				"seconds":	1.000055,
				"bytes":	178104,
				"bits_per_second":	1424753.532138,
				"retransmits":	0,
				"omitted":	false
			}
		}, {
			"streams":	[{
					"socket":	5,
					"start":	6.000699,
					"end":	7.001220,
					"seconds":	1.000521,
					"bytes":	228784,
					"bits_per_second":	1829319.026140,
					"retransmits":	0,
					"snd_cwnd":	169416,
					"rtt":	939179,
					"omitted":	false
				}],
			"sum":	{
				"start":	6.000699,
				"end":	7.001220,
				"seconds":	1.000521,
				"bytes":	228784,
				"bits_per_second":	1829319.026140,
				"retransmits":	0,
				"omitted":	false
			}
		}, {
			"streams":	[{
					"socket":	5,
					"start":	7.001220,
					"end":	8.000355,
					"seconds":	0.999135,
					"bytes":	288152,
					"bits_per_second":	2307211.697985,
					"retransmits":	0,
					"snd_cwnd":	222992,
					"rtt":	1089884,
					"omitted":	false
				}],
			"sum":	{
				"start":	7.001220,
				"end":	8.000355,
				"seconds":	0.999135,
				"bytes":	288152,
				"bits_per_second":	2307211.697985,
				"retransmits":	0,
				"omitted":	false
			}
		}, {
			"streams":	[{
					"socket":	5,
					"start":	8.000355,
					"end":	9.001794,
					"seconds":	1.001439,
					"bytes":	260640,
					"bits_per_second":	2082124.122953,
					"retransmits":	0,
					"snd_cwnd":	295392,
					"rtt":	1367993,
					"omitted":	false
				}],
			"sum":	{
				"start":	8.000355,
				"end":	9.001794,
				"seconds":	1.001439,
				"bytes":	260640,
				"bits_per_second":	2082124.122953,
				"retransmits":	0,
				"omitted":	false
			}
		}, {
			"streams":	[{
					"socket":	5,
					"start":	9.001794,
					"end":	10.001167,
					"seconds":	0.999373,
					"bytes":	325800,
					"bits_per_second":	2608034.722539,
					"retransmits":	0,
					"snd_cwnd":	362000,
					"rtt":	1705148,
					"omitted":	false
				}],
			"sum":	{
				"start":	9.001794,
				"end":	10.001167,
				"seconds":	0.999373,
				"bytes":	325800,
				"bits_per_second":	2608034.722539,
				"retransmits":	0,
				"omitted":	false
			}
		}],
	"end":	{
		"streams":	[{
				"sender":	{
					"socket":	5,
					"start":	0,
					"end":	10.001167,
					"seconds":	10.001167,
					"bytes":	2160416,
					"bits_per_second":	1728131.116912,
					"retransmits":	0,
					"max_snd_cwnd":	362000,
					"max_rtt":	1705148,
					"min_rtt":	429222,
					"mean_rtt":	847128
				},
				"receiver":	{
					"socket":	5,
					"start":	0,
					"end":	10.001167,
					"seconds":	10.001167,
					"bytes":	1697056,
					"bits_per_second":	1357486.373339
				}
			}],
		"sum_sent":	{
			"start":	0,
			"end":	10.001167,
			"seconds":	10.001167,
			"bytes":	2160416,
			"bits_per_second":	1728131.116912,
			"retransmits":	0
		},
		"sum_received":	{
			"start":	0,
			"end":	10.001167,
			"seconds":	10.001167,
			"bytes":	1697056,
			"bits_per_second":	1357486.373339
		},
		"cpu_utilization_percent":	{
			"host_total":	0.230221,
			"host_user":	0.107030,
			"host_system":	0.123191,
			"remote_total":	0.163422,
			"remote_user":	0,
			"remote_system":	0.163422
		}
	}
}
