{
	"start":	{
		"connected":	[{
				"socket":	5,
				"local_host":	"100.64.0.2",
				"local_port":	54694,
				"remote_host":	"10.0.2.15",
				"remote_port":	5201
			}],
		"version":	"iperf 3.1.3",
		"system_info":	"Linux ubuntu-bionic 5.4.239 #2 SMP Tue Apr 4 21:06:07 CDT 2023 x86_64",
		"timestamp":	{
			"time":	"Sat, 22 Apr 2023 01:33:59 GMT",
			"timesecs":	1682127239
		},
		"connecting_to":	{
			"host":	"10.0.2.15",
			"port":	5201
		},
		"cookie":	"ubuntu-bionic.1682127238.188233.0cc3",
		"tcp_mss_default":	1448,
		"test_start":	{
			"protocol":	"TCP",
			"num_streams":	1,
			"blksize":	131072,
			"omit":	0,
			"duration":	10,
			"bytes":	0,
			"blocks":	0,
			"reverse":	0
		}
	},
	"intervals":	[{
			"streams":	[{
					"socket":	5,
					"start":	0,
					"end":	1.000123,
					"seconds":	1.000123,
					"bytes":	315664,
					"bits_per_second":	2525001.364265,
					"retransmits":	0,
					"snd_cwnd":	70952,
					"rtt":	426688,
					"omitted":	false
				}],
			"sum":	{
				"start":	0,
				"end":	1.000123,
				"seconds":	1.000123,
				"bytes":	315664,
				"bits_per_second":	2525001.364265,
				"retransmits":	0,
				"omitted":	false
			}
		}, {
			"streams":	[{
					"socket":	5,
					"start":	1.000123,
					"end":	2.000101,
					"seconds":	0.999978,
					"bytes":	117288,
					"bits_per_second":	938324.581689,
					"retransmits":	0,
					"snd_cwnd":	78192,
					"rtt":	525906,
					"omitted":	false
				}],
			"sum":	{
				"start":	1.000123,
				"end":	2.000101,
				"seconds":	0.999978,
				"bytes":	117288,
				"bits_per_second":	938324.581689,
				"retransmits":	0,
				"omitted":	false
			}
		}, {
			"streams":	[{
					"socket":	5,
					"start":	2.000101,
					"end":	3.000124,
					"seconds":	1.000023,
					"bytes":	179552,
					"bits_per_second":	1436382.781347,
					"retransmits":	0,
					"snd_cwnd":	83984,
					"rtt":	614400,
					"omitted":	false
				}],
			"sum":	{
				"start":	2.000101,
				"end":	3.000124,
				"seconds":	1.000023,
				"bytes":	179552,
				"bits_per_second":	1436382.781347,
				"retransmits":	0,
				"omitted":	false
			}
		}, {
			"streams":	[{
					"socket":	5,
					"start":	3.000124,
					"end":	4.000099,
					"seconds":	0.999975,
					"bytes":	114392,
					"bits_per_second":	915158.910043,
					"retransmits":	0,
					"snd_cwnd":	91224,
					"rtt":	626195,
					"omitted":	false
				}],
			"sum":	{
				"start":	3.000124,
				"end":	4.000099,
				"seconds":	0.999975,
				"bytes":	114392,
				"bits_per_second":	915158.910043,
				"retransmits":	0,
				"omitted":	false
			}
		}, {
			"streams":	[{
					"socket":	5,
					"start":	4.000099,
					"end":	5.000576,
					"seconds":	1.000477,
					"bytes":	153488,
					"bits_per_second":	1227318.768806,
					"retransmits":	0,
					"snd_cwnd":	102808,
					"rtt":	533858,
					"omitted":	false
				}],
			"sum":	{
				"start":	4.000099,
				"end":	5.000576,
				"seconds":	1.000477,
				"bytes":	153488,
				"bits_per_second":	1227318.768806,
				"retransmits":	0,
				"omitted":	false
			}
		}, {
			"streams":	[{
					"socket":	5,
					"start":	5.000576,
					"end":	6.000127,
					"seconds":	0.999551,
					"bytes":	247608,
					"bits_per_second":	1981753.692832,
					"retransmits":	0,
					"snd_cwnd":	130320,
					"rtt":	755388,
					"omitted":	false
				}],
			"sum":	{
				"start":	5.000576,
				"end":	6.000127,
				"seconds":	0.999551,
				"bytes":	247608,
				"bits_per_second":	1981753.692832,
				"retransmits":	0,
				"omitted":	false
			}
		}, {
			"streams":	[{
					"socket":	5,
					"start":	6.000127,
					"end":	7.000191,
					"seconds":	1.000064,
					"bytes":	159280,
					"bits_per_second":	1274158.282371,
					"retransmits":	0,
					"snd_cwnd":	170864,
					"rtt":	953166,
					"omitted":	false
				}],
			"sum":	{
				"start":	6.000127,
				"end":	7.000191,
				"seconds":	1.000064,
				"bytes":	159280,
				"bits_per_second":	1274158.282371,
				"retransmits":	0,
				"omitted":	false
			}
		}, {
			"streams":	[{
					"socket":	5,
					"start":	7.000191,
					"end":	8.000098,
					"seconds":	0.999907,
					"bytes":	288152,
					"bits_per_second":	2305430.366399,
					"retransmits":	0,
					"snd_cwnd":	224440,
					"rtt":	1108067,
					"omitted":	false
				}],
			"sum":	{
				"start":	7.000191,
				"end":	8.000098,
				"seconds":	0.999907,
				"bytes":	288152,
				"bits_per_second":	2305430.366399,
				"retransmits":	0,
				"omitted":	false
			}
		}, {
			"streams":	[{
					"socket":	5,
					"start":	8.000098,
					"end":	9.001368,
					"seconds":	1.001270,
					"bytes":	260640,
					"bits_per_second":	2082475.636301,
					"retransmits":	0,
					"snd_cwnd":	295392,
					"rtt":	1382105,
					"omitted":	false
				}],
			"sum":	{
				"start":	8.000098,
				"end":	9.001368,
				"seconds":	1.001270,
				"bytes":	260640,
				"bits_per_second":	2082475.636301,
				"retransmits":	0,
				"omitted":	false
			}
		}, {
			"streams":	[{
					"socket":	5,
					"start":	9.001368,
					"end":	10.002884,
					"seconds":	1.001516,
					"bytes":	325800,
					"bits_per_second":	2602454.409125,
					"retransmits":	0,
					"snd_cwnd":	363448,
					"rtt":	1708648,
					"omitted":	false
				}],
			"sum":	{
				"start":	9.001368,
				"end":	10.002884,
				"seconds":	1.001516,
				"bytes":	325800,
				"bits_per_second":	2602454.409125,
				"retransmits":	0,
				"omitted":	false
			}
		}],
	"end":	{
		"streams":	[{
				"sender":	{
					"socket":	5,
					"start":	0,
					"end":	10.002884,
					"seconds":	10.002884,
					"bytes":	2161864,
					"bits_per_second":	1728992.532696,
					"retransmits":	0,
					"max_snd_cwnd":	363448,
					"max_rtt":	1708648,
					"min_rtt":	426688,
					"mean_rtt":	863442
				},
				"receiver":	{
					"socket":	5,
					"start":	0,
					"end":	10.002884,
					"seconds":	10.002884,
					"bytes":	1682576,
					"bits_per_second":	1345672.687872
				}
			}],
		"sum_sent":	{
			"start":	0,
			"end":	10.002884,
			"seconds":	10.002884,
			"bytes":	2161864,
			"bits_per_second":	1728992.532696,
			"retransmits":	0
		},
		"sum_received":	{
			"start":	0,
			"end":	10.002884,
			"seconds":	10.002884,
			"bytes":	1682576,
			"bits_per_second":	1345672.687872
		},
		"cpu_utilization_percent":	{
			"host_total":	0.216039,
			"host_user":	0.100771,
			"host_system":	0.115288,
			"remote_total":	0.161649,
			"remote_user":	0.046473,
			"remote_system":	0.115170
		}
	}
}
