{
	"start":	{
		"connected":	[{
				"socket":	5,
				"local_host":	"100.64.0.2",
				"local_port":	55126,
				"remote_host":	"10.0.2.15",
				"remote_port":	5201
			}],
		"version":	"iperf 3.1.3",
		"system_info":	"Linux ubuntu-bionic 5.4.239 #2 SMP Tue Apr 4 21:06:07 CDT 2023 x86_64",
		"timestamp":	{
			"time":	"Sat, 22 Apr 2023 01:33:34 GMT",
			"timesecs":	1682127214
		},
		"connecting_to":	{
			"host":	"10.0.2.15",
			"port":	5201
		},
		"cookie":	"ubuntu-bionic.1682127214.002509.641f",
		"tcp_mss_default":	1448,
		"test_start":	{
			"protocol":	"TCP",
			"num_streams":	1,
			"blksize":	131072,
			"omit":	0,
			"duration":	10,
			"bytes":	0,
			"blocks":	0,
			"reverse":	0
		}
	},
	"intervals":	[{
			"streams":	[{
					"socket":	5,
					"start":	0,
					"end":	1.000514,
					"seconds":	1.000514,
					"bytes":	308424,
					"bits_per_second":	2466124.336981,
					"retransmits":	0,
					"snd_cwnd":	65160,
					"rtt":	431017,
					"omitted":	false
				}],
			"sum":	{
				"start":	0,
				"end":	1.000514,
				"seconds":	1.000514,
				"bytes":	308424,
				"bits_per_second":	2466124.336981,
				"retransmits":	0,
				"omitted":	false
			}
		}, {
			"streams":	[{
					"socket":	5,
					"start":	1.000514,
					"end":	2.000158,
					"seconds":	0.999644,
					"bytes":	117288,
					"bits_per_second":	938638.116628,
					"retransmits":	0,
					"snd_cwnd":	70952,
					"rtt":	471673,
					"omitted":	false
				}],
			"sum":	{
				"start":	1.000514,
				"end":	2.000158,
				"seconds":	0.999644,
				"bytes":	117288,
				"bits_per_second":	938638.116628,
				"retransmits":	0,
				"omitted":	false
			}
		}, {
			"streams":	[{
					"socket":	5,
					"start":	2.000158,
					"end":	2.980802,
					"seconds":	0.980644,
					"bytes":	118736,
					"bits_per_second":	968636.948737,
					"retransmits":	0,
					"snd_cwnd":	76744,
					"rtt":	554521,
					"omitted":	false
				}],
			"sum":	{
				"start":	2.000158,
				"end":	2.980802,
				"seconds":	0.980644,
				"bytes":	118736,
				"bits_per_second":	968636.948737,
				"retransmits":	0,
				"omitted":	false
			}
		}],
	"end":	{
		"streams":	[{
				"sender":	{
					"socket":	5,
					"start":	0,
					"end":	2.980802,
					"seconds":	2.980802,
					"bytes":	544448,
					"bits_per_second":	1461212.087732,
					"retransmits":	0,
					"max_snd_cwnd":	76744,
					"max_rtt":	554521,
					"min_rtt":	431017,
					"mean_rtt":	485737
				},
				"receiver":	{
					"socket":	5,
					"start":	0,
					"end":	2.980802,
					"seconds":	2.980802,
					"bytes":	0,
					"bits_per_second":	0
				}
			}],
		"sum_sent":	{
			"start":	0,
			"end":	2.980802,
			"seconds":	2.980802,
			"bytes":	544448,
			"bits_per_second":	1461212.087732,
			"retransmits":	0
		},
		"sum_received":	{
			"start":	0,
			"end":	2.980802,
			"seconds":	2.980802,
			"bytes":	0,
			"bits_per_second":	0
		},
		"cpu_utilization_percent":	{
			"host_total":	0.634978,
			"host_user":	0,
			"host_system":	0.634947,
			"remote_total":	0,
			"remote_user":	0,
			"remote_system":	0
		}
	},
	"error":	"interrupt - the client has terminated"
}
