{
	"start":	{
		"connected":	[{
				"socket":	5,
				"local_host":	"100.64.0.2",
				"local_port":	58622,
				"remote_host":	"10.120.8.116",
				"remote_port":	5201
			}],
		"version":	"iperf 3.1.3",
		"system_info":	"Linux lorenzo-nrg 5.4.232 #2 SMP Thu Feb 23 21:13:11 CST 2023 x86_64",
		"timestamp":	{
			"time":	"Wed, 22 Mar 2023 19:38:47 GMT",
			"timesecs":	1679513927
		},
		"connecting_to":	{
			"host":	"10.120.8.116",
			"port":	5201
		},
		"cookie":	"lorenzo-nrg.1679513926.621661.1deeed",
		"tcp_mss_default":	1448,
		"test_start":	{
			"protocol":	"TCP",
			"num_streams":	1,
			"blksize":	131072,
			"omit":	0,
			"duration":	86400,
			"bytes":	0,
			"blocks":	0,
			"reverse":	0
		}
	},
	"intervals":	[{
			"streams":	[{
					"socket":	5,
					"start":	0,
					"end":	1.000226,
					"seconds":	1.000226,
					"bytes":	483632,
					"bits_per_second":	3868181.710425,
					"retransmits":	0,
					"snd_cwnd":	157832,
					"rtt":	199499,
					"omitted":	false
				}],
			"sum":	{
				"start":	0,
				"end":	1.000226,
				"seconds":	1.000226,
				"bytes":	483632,
				"bits_per_second":	3868181.710425,
				"retransmits":	0,
				"omitted":	false
			}
		}, {
			"streams":	[{
					"socket":	5,
					"start":	1.000226,
					"end":	2.000625,
					"seconds":	1.000399,
					"bytes":	522728,
					"bits_per_second":	4180156.643017,
					"retransmits":	0,
					"snd_cwnd":	306976,
					"rtt":	869147,
					"omitted":	false
				}],
			"sum":	{
				"start":	1.000226,
				"end":	2.000625,
				"seconds":	1.000399,
				"bytes":	522728,
				"bits_per_second":	4180156.643017,
				"retransmits":	0,
				"omitted":	false
			}
		}, {
			"streams":	[{
					"socket":	5,
					"start":	2.000625,
					"end":	3.001197,
					"seconds":	1.000572,
					"bytes":	130320,
					"bits_per_second":	1041963.783541,
					"retransmits":	0,
					"snd_cwnd":	306976,
					"rtt":	1270880,
					"omitted":	false
				}],
			"sum":	{
				"start":	2.000625,
				"end":	3.001197,
				"seconds":	1.000572,
				"bytes":	130320,
				"bits_per_second":	1041963.783541,
				"retransmits":	0,
				"omitted":	false
			}
		}, {
			"streams":	[{
					"socket":	5,
					"start":	3.001197,
					"end":	4.001127,
					"seconds":	0.999930,
					"bytes":	65160,
					"bits_per_second":	521316.541715,
					"retransmits":	0,
					"snd_cwnd":	312768,
					"rtt":	1531129,
					"omitted":	false
				}],
			"sum":	{
				"start":	3.001197,
				"end":	4.001127,
				"seconds":	0.999930,
				"bytes":	65160,
				"bits_per_second":	521316.541715,
				"retransmits":	0,
				"omitted":	false
			}
		}, {
			"streams":	[{
					"socket":	5,
					"start":	4.001127,
					"end":	4.524789,
					"seconds":	0.523662,
					"bytes":	0,
					"bits_per_second":	0,
					"retransmits":	0,
					"snd_cwnd":	317112,
					"rtt":	1589679,
					"omitted":	false
				}],
			"sum":	{
				"start":	4.001127,
				"end":	4.524789,
				"seconds":	0.523662,
				"bytes":	0,
				"bits_per_second":	0,
				"retransmits":	0,
				"omitted":	false
			}
		}],
	"end":	{
		"streams":	[{
				"sender":	{
					"socket":	5,
					"start":	0,
					"end":	4.524789,
					"seconds":	4.524789,
					"bytes":	1201840,
					"bits_per_second":	2124899.039114,
					"retransmits":	0,
					"max_snd_cwnd":	317112,
					"max_rtt":	1589679,
					"min_rtt":	199499,
					"mean_rtt":	1092066
				},
				"receiver":	{
					"socket":	5,
					"start":	0,
					"end":	4.524789,
					"seconds":	4.524789,
					"bytes":	0,
					"bits_per_second":	0
				}
			}],
		"sum_sent":	{
			"start":	0,
			"end":	4.524789,
			"seconds":	4.524789,
			"bytes":	1201840,
			"bits_per_second":	2124899.039114,
			"retransmits":	0
		},
		"sum_received":	{
			"start":	0,
			"end":	4.524789,
			"seconds":	4.524789,
			"bytes":	0,
			"bits_per_second":	0
		},
		"cpu_utilization_percent":	{
			"host_total":	0.441139,
			"host_user":	0.236622,
			"host_system":	0.204475,
			"remote_total":	0,
			"remote_user":	0,
			"remote_system":	0
		}
	},
	"error":	"interrupt - the client has terminated"
}
