{
	"start":	{
		"connected":	[{
				"socket":	5,
				"local_host":	"100.64.0.2",
				"local_port":	45144,
				"remote_host":	"10.0.2.15",
				"remote_port":	5201
			}],
		"version":	"iperf 3.1.3",
		"system_info":	"Linux ubuntu-bionic 5.4.239 #2 SMP Tue Apr 4 21:06:07 CDT 2023 x86_64",
		"timestamp":	{
			"time":	"Sat, 22 Apr 2023 01:14:11 GMT",
			"timesecs":	1682126051
		},
		"connecting_to":	{
			"host":	"10.0.2.15",
			"port":	5201
		},
		"cookie":	"ubuntu-bionic.1682126050.655734.652c",
		"tcp_mss_default":	1448,
		"test_start":	{
			"protocol":	"TCP",
			"num_streams":	1,
			"blksize":	131072,
			"omit":	0,
			"duration":	10,
			"bytes":	0,
			"blocks":	0,
			"reverse":	0
		}
	},
	"intervals":	[{
			"streams":	[{
					"socket":	5,
					"start":	0,
					"end":	1.000125,
					"seconds":	1.000125,
					"bytes":	305528,
					"bits_per_second":	2443918.677976,
					"retransmits":	0,
					"snd_cwnd":	63712,
					"rtt":	428242,
					"omitted":	false
				}],
			"sum":	{
				"start":	0,
				"end":	1.000125,
				"seconds":	1.000125,
				"bytes":	305528,
				"bits_per_second":	2443918.677976,
				"retransmits":	0,
				"omitted":	false
			}
		}, {
			"streams":	[{
					"socket":	5,
					"start":	1.000125,
					"end":	2.000550,
					"seconds":	1.000425,
					"bytes":	117288,
					"bits_per_second":	937905.296152,
					"retransmits":	0,
					"snd_cwnd":	69504,
					"rtt":	459766,
					"omitted":	false
				}],
			"sum":	{
				"start":	1.000125,
				"end":	2.000550,
				"seconds":	1.000425,
				"bytes":	117288,
				"bits_per_second":	937905.296152,
				"retransmits":	0,
				"omitted":	false
			}
		}, {
			"streams":	[{
					"socket":	5,
					"start":	2.000550,
					"end":	3.000524,
					"seconds":	0.999974,
					"bytes":	183896,
					"bits_per_second":	1471206.233156,
					"retransmits":	0,
					"snd_cwnd":	76744,
					"rtt":	544272,
					"omitted":	false
				}],
			"sum":	{
				"start":	2.000550,
				"end":	3.000524,
				"seconds":	0.999974,
				"bytes":	183896,
				"bits_per_second":	1471206.233156,
				"retransmits":	0,
				"omitted":	false
			}
		}, {
			"streams":	[{
					"socket":	5,
					"start":	3.000524,
					"end":	4.000204,
					"seconds":	0.999680,
					"bytes":	112944,
					"bits_per_second":	903841.190979,
					"retransmits":	0,
					"snd_cwnd":	82536,
					"rtt":	566105,
					"omitted":	false
				}],
			"sum":	{
				"start":	3.000524,
				"end":	4.000204,
				"seconds":	0.999680,
				"bytes":	112944,
				"bits_per_second":	903841.190979,
				"retransmits":	0,
				"omitted":	false
			}
		}, {
			"streams":	[{
					"socket":	5,
					"start":	4.000204,
					"end":	5.001458,
					"seconds":	1.001254,
					"bytes":	144800,
					"bits_per_second":	1156949.366779,
					"retransmits":	0,
					"snd_cwnd":	94120,
					"rtt":	453933,
					"omitted":	false
				}],
			"sum":	{
				"start":	4.000204,
				"end":	5.001458,
				"seconds":	1.001254,
				"bytes":	144800,
				"bits_per_second":	1156949.366779,
				"retransmits":	0,
				"omitted":	false
			}
		}, {
			"streams":	[{
					"socket":	5,
					"start":	5.001458,
					"end":	6.000682,
					"seconds":	0.999224,
					"bytes":	244712,
					"bits_per_second":	1959215.987302,
					"retransmits":	0,
					"snd_cwnd":	123080,
					"rtt":	710171,
					"omitted":	false
				}],
			"sum":	{
				"start":	5.001458,
				"end":	6.000682,
				"seconds":	0.999224,
				"bytes":	244712,
				"bits_per_second":	1959215.987302,
				"retransmits":	0,
				"omitted":	false
			}
		}, {
			"streams":	[{
					"socket":	5,
					"start":	6.000682,
					"end":	7.000158,
					"seconds":	0.999476,
					"bytes":	214304,
					"bits_per_second":	1715330.908934,
					"retransmits":	0,
					"snd_cwnd":	165072,
					"rtt":	922755,
					"omitted":	false
				}],
			"sum":	{
				"start":	6.000682,
				"end":	7.000158,
				"seconds":	0.999476,
				"bytes":	214304,
				"bits_per_second":	1715330.908934,
				"retransmits":	0,
				"omitted":	false
			}
		}, {
			"streams":	[{
					"socket":	5,
					"start":	7.000158,
					"end":	8.001623,
					"seconds":	1.001465,
					"bytes":	211408,
					"bits_per_second":	1688790.186251,
					"retransmits":	0,
					"snd_cwnd":	221544,
					"rtt":	1085539,
					"omitted":	false
				}],
			"sum":	{
				"start":	7.000158,
				"end":	8.001623,
				"seconds":	1.001465,
				"bytes":	211408,
				"bits_per_second":	1688790.186251,
				"retransmits":	0,
				"omitted":	false
			}
		}, {
			"streams":	[{
					"socket":	5,
					"start":	8.001623,
					"end":	9.001219,
					"seconds":	0.999596,
					"bytes":	334488,
					"bits_per_second":	2676985.183648,
					"retransmits":	0,
					"snd_cwnd":	283808,
					"rtt":	1323534,
					"omitted":	false
				}],
			"sum":	{
				"start":	8.001623,
				"end":	9.001219,
				"seconds":	0.999596,
				"bytes":	334488,
				"bits_per_second":	2676985.183648,
				"retransmits":	0,
				"omitted":	false
			}
		}, {
			"streams":	[{
					"socket":	5,
					"start":	9.001219,
					"end":	10.001065,
					"seconds":	0.999846,
					"bytes":	260640,
					"bits_per_second":	2085441.196321,
					"retransmits":	0,
					"snd_cwnd":	351864,
					"rtt":	1623723,
					"omitted":	false
				}],
			"sum":	{
				"start":	9.001219,
				"end":	10.001065,
				"seconds":	0.999846,
				"bytes":	260640,
				"bits_per_second":	2085441.196321,
				"retransmits":	0,
				"omitted":	false
			}
		}],
	"end":	{
		"streams":	[{
				"sender":	{
					"socket":	5,
					"start":	0,
					"end":	10.001065,
					"seconds":	10.001065,
					"bytes":	2130008,
					"bits_per_second":	1703824.939953,
					"retransmits":	0,
					"max_snd_cwnd":	351864,
					"max_rtt":	1623723,
					"min_rtt":	428242,
					"mean_rtt":	811804
				},
				"receiver":	{
					"socket":	5,
					"start":	0,
					"end":	10.001065,
					"seconds":	10.001065,
					"bytes":	1679680,
					"bits_per_second":	1343600.904382
				}
			}],
		"sum_sent":	{
			"start":	0,
			"end":	10.001065,
			"seconds":	10.001065,
			"bytes":	2130008,
			"bits_per_second":	1703824.939953,
			"retransmits":	0
		},
		"sum_received":	{
			"start":	0,
			"end":	10.001065,
			"seconds":	10.001065,
			"bytes":	1679680,
			"bits_per_second":	1343600.904382
		},
		"cpu_utilization_percent":	{
			"host_total":	0.354938,
			"host_user":	0.036051,
			"host_system":	0.318887,
			"remote_total":	0.247538,
			"remote_user":	0.079687,
			"remote_system":	0.167843
		}
	}
}
