{
	"start":	{
		"connected":	[{
				"socket":	5,
				"local_host":	"100.64.0.2",
				"local_port":	54610,
				"remote_host":	"10.120.8.116",
				"remote_port":	5201
			}],
		"version":	"iperf 3.1.3",
		"system_info":	"Linux lorenzo-nrg 5.4.232 #2 SMP Thu Feb 23 21:13:11 CST 2023 x86_64",
		"timestamp":	{
			"time":	"Wed, 22 Mar 2023 19:30:01 GMT",
			"timesecs":	1679513401
		},
		"connecting_to":	{
			"host":	"10.120.8.116",
			"port":	5201
		},
		"cookie":	"lorenzo-nrg.1679513400.823562.614384",
		"tcp_mss_default":	1448,
		"test_start":	{
			"protocol":	"TCP",
			"num_streams":	1,
			"blksize":	131072,
			"omit":	0,
			"duration":	86400,
			"bytes":	0,
			"blocks":	0,
			"reverse":	0
		}
	},
	"intervals":	[{
			"streams":	[{
					"socket":	5,
					"start":	0,
					"end":	1.000662,
					"seconds":	1.000662,
					"bytes":	311320,
					"bits_per_second":	2488912.120171,
					"retransmits":	0,
					"snd_cwnd":	68056,
					"rtt":	432358,
					"omitted":	false
				}],
			"sum":	{
				"start":	0,
				"end":	1.000662,
				"seconds":	1.000662,
				"bytes":	311320,
				"bits_per_second":	2488912.120171,
				"retransmits":	0,
				"omitted":	false
			}
		}, {
			"streams":	[{
					"socket":	5,
					"start":	1.000662,
					"end":	2.000337,
					"seconds":	0.999675,
					"bytes":	118736,
					"bits_per_second":	950196.780244,
					"retransmits":	0,
					"snd_cwnd":	76744,
					"rtt":	506483,
					"omitted":	false
				}],
			"sum":	{
				"start":	1.000662,
				"end":	2.000337,
				"seconds":	0.999675,
				"bytes":	118736,
				"bits_per_second":	950196.780244,
				"retransmits":	0,
				"omitted":	false
			}
		}, {
			"streams":	[{
					"socket":	5,
					"start":	2.000337,
					"end":	3.000740,
					"seconds":	1.000403,
					"bytes":	674768,
					"bits_per_second":	5395969.815919,
					"retransmits":	0,
					"snd_cwnd":	83984,
					"rtt":	612947,
					"omitted":	false
				}],
			"sum":	{
				"start":	2.000337,
				"end":	3.000740,
				"seconds":	1.000403,
				"bytes":	674768,
				"bits_per_second":	5395969.815919,
				"retransmits":	0,
				"omitted":	false
			}
		}, {
			"streams":	[{
					"socket":	5,
					"start":	3.000740,
					"end":	4.001063,
					"seconds":	1.000323,
					"bytes":	195480,
					"bits_per_second":	1563334.953427,
					"retransmits":	0,
					"snd_cwnd":	86880,
					"rtt":	628873,
					"omitted":	false
				}],
			"sum":	{
				"start":	3.000740,
				"end":	4.001063,
				"seconds":	1.000323,
				"bytes":	195480,
				"bits_per_second":	1563334.953427,
				"retransmits":	0,
				"omitted":	false
			}
		}, {
			"streams":	[{
					"socket":	5,
					"start":	4.001063,
					"end":	5.001169,
					"seconds":	1.000106,
					"bytes":	65160,
					"bits_per_second":	521224.824261,
					"retransmits":	0,
					"snd_cwnd":	98464,
					"rtt":	493060,
					"omitted":	false
				}],
			"sum":	{
				"start":	4.001063,
				"end":	5.001169,
				"seconds":	1.000106,
				"bytes":	65160,
				"bits_per_second":	521224.824261,
				"retransmits":	0,
				"omitted":	false
			}
		}, {
			"streams":	[{
					"socket":	5,
					"start":	5.001169,
					"end":	6.001241,
					"seconds":	1.000072,
					"bytes":	130320,
					"bits_per_second":	1042484.938571,
					"retransmits":	0,
					"snd_cwnd":	130320,
					"rtt":	733264,
					"omitted":	false
				}],
			"sum":	{
				"start":	5.001169,
				"end":	6.001241,
				"seconds":	1.000072,
				"bytes":	130320,
				"bits_per_second":	1042484.938571,
				"retransmits":	0,
				"omitted":	false
			}
		}, {
			"streams":	[{
					"socket":	5,
					"start":	6.001241,
					"end":	7.001188,
					"seconds":	0.999947,
					"bytes":	65160,
					"bits_per_second":	521307.592250,
					"retransmits":	0,
					"snd_cwnd":	173760,
					"rtt":	962783,
					"omitted":	false
				}],
			"sum":	{
				"start":	6.001241,
				"end":	7.001188,
				"seconds":	0.999947,
				"bytes":	65160,
				"bits_per_second":	521307.592250,
				"retransmits":	0,
				"omitted":	false
			}
		}, {
			"streams":	[{
					"socket":	5,
					"start":	7.001188,
					"end":	8.000834,
					"seconds":	0.999646,
					"bytes":	1107720,
					"bits_per_second":	8864898.631455,
					"retransmits":	0,
					"snd_cwnd":	202720,
					"rtt":	1103341,
					"omitted":	false
				}],
			"sum":	{
				"start":	7.001188,
				"end":	8.000834,
				"seconds":	0.999646,
				"bytes":	1107720,
				"bits_per_second":	8864898.631455,
				"retransmits":	0,
				"omitted":	false
			}
		}, {
			"streams":	[{
					"socket":	5,
					"start":	8.000834,
					"end":	9.001437,
					"seconds":	1.000603,
					"bytes":	651600,
					"bits_per_second":	5209657.539755,
					"retransmits":	0,
					"snd_cwnd":	251952,
					"rtt":	1389307,
					"omitted":	false
				}],
			"sum":	{
				"start":	8.000834,
				"end":	9.001437,
				"seconds":	1.000603,
				"bytes":	651600,
				"bits_per_second":	5209657.539755,
				"retransmits":	0,
				"omitted":	false
			}
		}, {
			"streams":	[{
					"socket":	5,
					"start":	9.001437,
					"end":	10.001096,
					"seconds":	0.999659,
					"bytes":	65160,
					"bits_per_second":	521457.909438,
					"retransmits":	0,
					"snd_cwnd":	318560,
					"rtt":	1624153,
					"omitted":	false
				}],
			"sum":	{
				"start":	9.001437,
				"end":	10.001096,
				"seconds":	0.999659,
				"bytes":	65160,
				"bits_per_second":	521457.909438,
				"retransmits":	0,
				"omitted":	false
			}
		}, {
			"streams":	[{
					"socket":	5,
					"start":	10.001096,
					"end":	11.001068,
					"seconds":	0.999972,
					"bytes":	195480,
					"bits_per_second":	1563883.624493,
					"retransmits":	0,
					"snd_cwnd":	5792,
					"rtt":	1849804,
					"omitted":	false
				}],
			"sum":	{
				"start":	10.001096,
				"end":	11.001068,
				"seconds":	0.999972,
				"bytes":	195480,
				"bits_per_second":	1563883.624493,
				"retransmits":	0,
				"omitted":	false
			}
		}, {
			"streams":	[{
					"socket":	5,
					"start":	11.001068,
					"end":	11.309725,
					"seconds":	0.308657,
					"bytes":	0,
					"bits_per_second":	0,
					"retransmits":	0,
					"snd_cwnd":	5792,
					"rtt":	1918698,
					"omitted":	false
				}],
			"sum":	{
				"start":	11.001068,
				"end":	11.309725,
				"seconds":	0.308657,
				"bytes":	0,
				"bits_per_second":	0,
				"retransmits":	0,
				"omitted":	false
			}
		}],
	"end":	{
		"streams":	[{
				"sender":	{
					"socket":	5,
					"start":	0,
					"end":	11.309725,
					"seconds":	11.309725,
					"bytes":	3580904,
					"bits_per_second":	2532973.337821,
					"retransmits":	0,
					"max_snd_cwnd":	318560,
					"max_rtt":	1918698,
					"min_rtt":	432358,
					"mean_rtt":	1021255
				},
				"receiver":	{
					"socket":	5,
					"start":	0,
					"end":	11.309725,
					"seconds":	11.309725,
					"bytes":	0,
					"bits_per_second":	0
				}
			}],
		"sum_sent":	{
			"start":	0,
			"end":	11.309725,
			"seconds":	11.309725,
			"bytes":	3580904,
			"bits_per_second":	2532973.337821,
			"retransmits":	0
		},
		"sum_received":	{
			"start":	0,
			"end":	11.309725,
			"seconds":	11.309725,
			"bytes":	0,
			"bits_per_second":	0
		},
		"cpu_utilization_percent":	{
			"host_total":	0.206208,
			"host_user":	0.021519,
			"host_system":	0.184681,
			"remote_total":	0,
			"remote_user":	0,
			"remote_system":	0
		}
	},
	"error":	"interrupt - the client has terminated"
}
