{
	"start":	{
		"connected":	[{
				"socket":	5,
				"local_host":	"100.64.0.2",
				"local_port":	46022,
				"remote_host":	"10.0.2.15",
				"remote_port":	5201
			}],
		"version":	"iperf 3.1.3",
		"system_info":	"Linux ubuntu-bionic 5.4.239 #2 SMP Tue Apr 4 21:06:07 CDT 2023 x86_64",
		"timestamp":	{
			"time":	"Sat, 22 Apr 2023 01:28:24 GMT",
			"timesecs":	1682126904
		},
		"connecting_to":	{
			"host":	"10.0.2.15",
			"port":	5201
		},
		"cookie":	"ubuntu-bionic.1682126903.930191.22b5",
		"tcp_mss_default":	1448,
		"test_start":	{
			"protocol":	"TCP",
			"num_streams":	1,
			"blksize":	131072,
			"omit":	0,
			"duration":	10,
			"bytes":	0,
			"blocks":	0,
			"reverse":	0
		}
	},
	"intervals":	[{
			"streams":	[{
					"socket":	5,
					"start":	0,
					"end":	1.000338,
					"seconds":	1.000338,
					"bytes":	312768,
					"bits_per_second":	2501298.963343,
					"retransmits":	0,
					"snd_cwnd":	68056,
					"rtt":	431042,
					"omitted":	false
				}],
			"sum":	{
				"start":	0,
				"end":	1.000338,
				"seconds":	1.000338,
				"bytes":	312768,
				"bits_per_second":	2501298.963343,
				"retransmits":	0,
				"omitted":	false
			}
		}, {
			"streams":	[{
					"socket":	5,
					"start":	1.000338,
					"end":	2.000237,
					"seconds":	0.999899,
					"bytes":	118736,
					"bits_per_second":	949983.806873,
					"retransmits":	0,
					"snd_cwnd":	75296,
					"rtt":	506612,
					"omitted":	false
				}],
			"sum":	{
				"start":	1.000338,
				"end":	2.000237,
				"seconds":	0.999899,
				"bytes":	118736,
				"bits_per_second":	949983.806873,
				"retransmits":	0,
				"omitted":	false
			}
		}, {
			"streams":	[{
					"socket":	5,
					"start":	2.000237,
					"end":	3.000626,
					"seconds":	1.000389,
					"bytes":	182448,
					"bits_per_second":	1459016.645762,
					"retransmits":	0,
					"snd_cwnd":	81088,
					"rtt":	593062,
					"omitted":	false
				}],
			"sum":	{
				"start":	2.000237,
				"end":	3.000626,
				"seconds":	1.000389,
				"bytes":	182448,
				"bits_per_second":	1459016.645762,
				"retransmits":	0,
				"omitted":	false
			}
		}, {
			"streams":	[{
					"socket":	5,
					"start":	3.000626,
					"end":	4.000194,
					"seconds":	0.999568,
					"bytes":	114392,
					"bits_per_second":	915531.522861,
					"retransmits":	0,
					"snd_cwnd":	88328,
					"rtt":	607309,
					"omitted":	false
				}],
			"sum":	{
				"start":	3.000626,
				"end":	4.000194,
				"seconds":	0.999568,
				"bytes":	114392,
				"bits_per_second":	915531.522861,
				"retransmits":	0,
				"omitted":	false
			}
		}, {
			"streams":	[{
					"socket":	5,
					"start":	4.000194,
					"end":	5.000486,
					"seconds":	1.000292,
					"bytes":	212856,
					"bits_per_second":	1702350.806726,
					"retransmits":	0,
					"snd_cwnd":	101360,
					"rtt":	507493,
					"omitted":	false
				}],
			"sum":	{
				"start":	4.000194,
				"end":	5.000486,
				"seconds":	1.000292,
				"bytes":	212856,
				"bits_per_second":	1702350.806726,
				"retransmits":	0,
				"omitted":	false
			}
		}, {
			"streams":	[{
					"socket":	5,
					"start":	5.000486,
					"end":	6.000165,
					"seconds":	0.999679,
					"bytes":	169416,
					"bits_per_second":	1355763.079838,
					"retransmits":	0,
					"snd_cwnd":	127424,
					"rtt":	736974,
					"omitted":	false
				}],
			"sum":	{
				"start":	5.000486,
				"end":	6.000165,
				"seconds":	0.999679,
				"bytes":	169416,
				"bits_per_second":	1355763.079838,
				"retransmits":	0,
				"omitted":	false
			}
		}, {
			"streams":	[{
					"socket":	5,
					"start":	6.000165,
					"end":	7.000226,
					"seconds":	1.000061,
					"bytes":	231680,
					"bits_per_second":	1853326.881904,
					"retransmits":	0,
					"snd_cwnd":	169416,
					"rtt":	942308,
					"omitted":	false
				}],
			"sum":	{
				"start":	6.000165,
				"end":	7.000226,
				"seconds":	1.000061,
				"bytes":	231680,
				"bits_per_second":	1853326.881904,
				"retransmits":	0,
				"omitted":	false
			}
		}, {
			"streams":	[{
					"socket":	5,
					"start":	7.000226,
					"end":	8.000752,
					"seconds":	1.000526,
					"bytes":	201272,
					"bits_per_second":	1609329.570882,
					"retransmits":	0,
					"snd_cwnd":	222992,
					"rtt":	1095525,
					"omitted":	false
				}],
			"sum":	{
				"start":	7.000226,
				"end":	8.000752,
				"seconds":	1.000526,
				"bytes":	201272,
				"bits_per_second":	1609329.570882,
				"retransmits":	0,
				"omitted":	false
			}
		}, {
			"streams":	[{
					"socket":	5,
					"start":	8.000752,
					"end":	9.004266,
					"seconds":	1.003514,
					"bytes":	343176,
					"bits_per_second":	2735794.278184,
					"retransmits":	0,
					"snd_cwnd":	295392,
					"rtt":	1370994,
					"omitted":	false
				}],
			"sum":	{
				"start":	8.000752,
				"end":	9.004266,
				"seconds":	1.003514,
				"bytes":	343176,
				"bits_per_second":	2735794.278184,
				"retransmits":	0,
				"omitted":	false
			}
		}, {
			"streams":	[{
					"socket":	5,
					"start":	9.004266,
					"end":	10.000758,
					"seconds":	0.996492,
					"bytes":	260640,
					"bits_per_second":	2092460.541938,
					"retransmits":	0,
					"snd_cwnd":	362000,
					"rtt":	1705150,
					"omitted":	false
				}],
			"sum":	{
				"start":	9.004266,
				"end":	10.000758,
				"seconds":	0.996492,
				"bytes":	260640,
				"bits_per_second":	2092460.541938,
				"retransmits":	0,
				"omitted":	false
			}
		}],
	"end":	{
		"streams":	[{
				"sender":	{
					"socket":	5,
					"start":	0,
					"end":	10.000758,
					"seconds":	10.000758,
					"bytes":	2147384,
					"bits_per_second":	1717777.004070,
					"retransmits":	0,
					"max_snd_cwnd":	362000,
					"max_rtt":	1705150,
					"min_rtt":	431042,
					"mean_rtt":	849646
				},
				"receiver":	{
					"socket":	5,
					"start":	0,
					"end":	10.000758,
					"seconds":	10.000758,
					"bytes":	1697056,
					"bits_per_second":	1357541.907465
				}
			}],
		"sum_sent":	{
			"start":	0,
			"end":	10.000758,
			"seconds":	10.000758,
			"bytes":	2147384,
			"bits_per_second":	1717777.004070,
			"retransmits":	0
		},
		"sum_received":	{
			"start":	0,
			"end":	10.000758,
			"seconds":	10.000758,
			"bytes":	1697056,
			"bits_per_second":	1357541.907465
		},
		"cpu_utilization_percent":	{
			"host_total":	0.224570,
			"host_user":	0.086979,
			"host_system":	0.137572,
			"remote_total":	0.160057,
			"remote_user":	0.099525,
			"remote_system":	0.060532
		}
	}
}
