{
	"start":	{
		"connected":	[{
				"socket":	5,
				"local_host":	"100.64.0.2",
				"local_port":	60580,
				"remote_host":	"10.120.8.116",
				"remote_port":	5201
			}],
		"version":	"iperf 3.1.3",
		"system_info":	"Linux lorenzo-nrg 5.4.232 #2 SMP Thu Feb 23 21:13:11 CST 2023 x86_64",
		"timestamp":	{
			"time":	"Fri, 24 Mar 2023 01:36:10 GMT",
			"timesecs":	1679621770
		},
		"connecting_to":	{
			"host":	"10.120.8.116",
			"port":	5201
		},
		"cookie":	"lorenzo-nrg.1679621769.669964.7b4e6b",
		"tcp_mss_default":	1448,
		"test_start":	{
			"protocol":	"TCP",
			"num_streams":	1,
			"blksize":	131072,
			"omit":	0,
			"duration":	86400,
			"bytes":	0,
			"blocks":	0,
			"reverse":	0
		}
	},
	"intervals":	[{
			"streams":	[{
					"socket":	5,
					"start":	0,
					"end":	1.000657,
					"seconds":	1.000657,
					"bytes":	312768,
					"bits_per_second":	2500501.562588,
					"retransmits":	0,
					"snd_cwnd":	70952,
					"rtt":	428666,
					"omitted":	false
				}],
			"sum":	{
				"start":	0,
				"end":	1.000657,
				"seconds":	1.000657,
				"bytes":	312768,
				"bits_per_second":	2500501.562588,
				"retransmits":	0,
				"omitted":	false
			}
		}, {
			"streams":	[{
					"socket":	5,
					"start":	1.000657,
					"end":	2.000369,
					"seconds":	0.999712,
					"bytes":	118736,
					"bits_per_second":	950161.655720,
					"retransmits":	0,
					"snd_cwnd":	81088,
					"rtt":	542527,
					"omitted":	false
				}],
			"sum":	{
				"start":	1.000657,
				"end":	2.000369,
				"seconds":	0.999712,
				"bytes":	118736,
				"bits_per_second":	950161.655720,
				"retransmits":	0,
				"omitted":	false
			}
		}, {
			"streams":	[{
					"socket":	5,
					"start":	2.000369,
					"end":	3.000633,
					"seconds":	1.000264,
					"bytes":	673320,
					"bits_per_second":	5385137.420172,
					"retransmits":	0,
					"snd_cwnd":	83984,
					"rtt":	634913,
					"omitted":	false
				}],
			"sum":	{
				"start":	2.000369,
				"end":	3.000633,
				"seconds":	1.000264,
				"bytes":	673320,
				"bits_per_second":	5385137.420172,
				"retransmits":	0,
				"omitted":	false
			}
		}, {
			"streams":	[{
					"socket":	5,
					"start":	3.000633,
					"end":	4.001273,
					"seconds":	1.000640,
					"bytes":	195480,
					"bits_per_second":	1562839.914567,
					"retransmits":	0,
					"snd_cwnd":	91224,
					"rtt":	634589,
					"omitted":	false
				}],
			"sum":	{
				"start":	3.000633,
				"end":	4.001273,
				"seconds":	1.000640,
				"bytes":	195480,
				"bits_per_second":	1562839.914567,
				"retransmits":	0,
				"omitted":	false
			}
		}, {
			"streams":	[{
					"socket":	5,
					"start":	4.001273,
					"end":	5.001208,
					"seconds":	0.999935,
					"bytes":	130320,
					"bits_per_second":	1042627.862846,
					"retransmits":	0,
					"snd_cwnd":	102808,
					"rtt":	588076,
					"omitted":	false
				}],
			"sum":	{
				"start":	4.001273,
				"end":	5.001208,
				"seconds":	0.999935,
				"bytes":	130320,
				"bits_per_second":	1042627.862846,
				"retransmits":	0,
				"omitted":	false
			}
		}, {
			"streams":	[{
					"socket":	5,
					"start":	5.001208,
					"end":	5.811308,
					"seconds":	0.810100,
					"bytes":	0,
					"bits_per_second":	0,
					"retransmits":	0,
					"snd_cwnd":	124528,
					"rtt":	715040,
					"omitted":	false
				}],
			"sum":	{
				"start":	5.001208,
				"end":	5.811308,
				"seconds":	0.810100,
				"bytes":	0,
				"bits_per_second":	0,
				"retransmits":	0,
				"omitted":	false
			}
		}],
	"end":	{
		"streams":	[{
				"sender":	{
					"socket":	5,
					"start":	0,
					"end":	5.811308,
					"seconds":	5.811308,
					"bytes":	1430624,
					"bits_per_second":	1969434.795566,
					"retransmits":	0,
					"max_snd_cwnd":	124528,
					"max_rtt":	715040,
					"min_rtt":	428666,
					"mean_rtt":	590635
				},
				"receiver":	{
					"socket":	5,
					"start":	0,
					"end":	5.811308,
					"seconds":	5.811308,
					"bytes":	0,
					"bits_per_second":	0
				}
			}],
		"sum_sent":	{
			"start":	0,
			"end":	5.811308,
			"seconds":	5.811308,
			"bytes":	1430624,
			"bits_per_second":	1969434.795566,
			"retransmits":	0
		},
		"sum_received":	{
			"start":	0,
			"end":	5.811308,
			"seconds":	5.811308,
			"bytes":	0,
			"bits_per_second":	0
		},
		"cpu_utilization_percent":	{
			"host_total":	0.367171,
			"host_user":	0.198581,
			"host_system":	0.168591,
			"remote_total":	0,
			"remote_user":	0,
			"remote_system":	0
		}
	},
	"error":	"interrupt - the client has terminated"
}
