{
	"start":	{
		"connected":	[{
				"socket":	5,
				"local_host":	"100.64.0.2",
				"local_port":	42154,
				"remote_host":	"10.120.8.116",
				"remote_port":	5201
			}],
		"version":	"iperf 3.1.3",
		"system_info":	"Linux lorenzo-nrg 5.4.232 #2 SMP Thu Feb 23 21:13:11 CST 2023 x86_64",
		"timestamp":	{
			"time":	"Fri, 24 Mar 2023 01:09:32 GMT",
			"timesecs":	1679620172
		},
		"connecting_to":	{
			"host":	"10.120.8.116",
			"port":	5201
		},
		"cookie":	"lorenzo-nrg.1679620172.396844.0381c3",
		"tcp_mss_default":	1448,
		"test_start":	{
			"protocol":	"TCP",
			"num_streams":	1,
			"blksize":	131072,
			"omit":	0,
			"duration":	86400,
			"bytes":	0,
			"blocks":	0,
			"reverse":	0
		}
	},
	"intervals":	[{
			"streams":	[{
					"socket":	5,
					"start":	0,
					"end":	1.000877,
					"seconds":	1.000877,
					"bytes":	615400,
					"bits_per_second":	4918885.439222,
					"retransmits":	1,
					"snd_cwnd":	1448,
					"rtt":	43249,
					"omitted":	false
				}],
			"sum":	{
				"start":	0,
				"end":	1.000877,
				"seconds":	1.000877,
				"bytes":	615400,
				"bits_per_second":	4918885.439222,
				"retransmits":	1,
				"omitted":	false
			}
		}, {
			"streams":	[{
					"socket":	5,
					"start":	1.000877,
					"end":	2.000331,
					"seconds":	0.999454,
					"bytes":	739928,
					"bits_per_second":	5922657.644010,
					"retransmits":	1,
					"snd_cwnd":	70952,
					"rtt":	27588,
					"omitted":	false
				}],
			"sum":	{
				"start":	1.000877,
				"end":	2.000331,
				"seconds":	0.999454,
				"bytes":	739928,
				"bits_per_second":	5922657.644010,
				"retransmits":	1,
				"omitted":	false
			}
		}, {
			"streams":	[{
					"socket":	5,
					"start":	2.000331,
					"end":	3.000235,
					"seconds":	0.999904,
					"bytes":	1322024,
					"bits_per_second":	10577208.286597,
					"retransmits":	0,
					"snd_cwnd":	131768,
					"rtt":	113683,
					"omitted":	false
				}],
			"sum":	{
				"start":	2.000331,
				"end":	3.000235,
				"seconds":	0.999904,
				"bytes":	1322024,
				"bits_per_second":	10577208.286597,
				"retransmits":	0,
				"omitted":	false
			}
		}, {
			"streams":	[{
					"socket":	5,
					"start":	3.000235,
					"end":	4.000838,
					"seconds":	1.000603,
					"bytes":	0,
					"bits_per_second":	0,
					"retransmits":	1,
					"snd_cwnd":	1448,
					"rtt":	113683,
					"omitted":	false
				}],
			"sum":	{
				"start":	3.000235,
				"end":	4.000838,
				"seconds":	1.000603,
				"bytes":	0,
				"bits_per_second":	0,
				"retransmits":	1,
				"omitted":	false
			}
		}, {
			"streams":	[{
					"socket":	5,
					"start":	4.000838,
					"end":	5.001125,
					"seconds":	1.000287,
					"bytes":	0,
					"bits_per_second":	0,
					"retransmits":	1,
					"snd_cwnd":	1448,
					"rtt":	113683,
					"omitted":	false
				}],
			"sum":	{
				"start":	4.000838,
				"end":	5.001125,
				"seconds":	1.000287,
				"bytes":	0,
				"bits_per_second":	0,
				"retransmits":	1,
				"omitted":	false
			}
		}, {
			"streams":	[{
					"socket":	5,
					"start":	5.001125,
					"end":	6.000373,
					"seconds":	0.999248,
					"bytes":	1368360,
					"bits_per_second":	10955117.944125,
					"retransmits":	0,
					"snd_cwnd":	141904,
					"rtt":	259271,
					"omitted":	false
				}],
			"sum":	{
				"start":	5.001125,
				"end":	6.000373,
				"seconds":	0.999248,
				"bytes":	1368360,
				"bits_per_second":	10955117.944125,
				"retransmits":	0,
				"omitted":	false
			}
		}, {
			"streams":	[{
					"socket":	5,
					"start":	6.000373,
					"end":	7.000315,
					"seconds":	0.999942,
					"bytes":	456120,
					"bits_per_second":	3649171.417354,
					"retransmits":	0,
					"snd_cwnd":	172312,
					"rtt":	181500,
					"omitted":	false
				}],
			"sum":	{
				"start":	6.000373,
				"end":	7.000315,
				"seconds":	0.999942,
				"bytes":	456120,
				"bits_per_second":	3649171.417354,
				"retransmits":	0,
				"omitted":	false
			}
		}, {
			"streams":	[{
					"socket":	5,
					"start":	7.000315,
					"end":	7.807061,
					"seconds":	0.806746,
					"bytes":	456120,
					"bits_per_second":	4523059.268726,
					"retransmits":	0,
					"snd_cwnd":	196928,
					"rtt":	201484,
					"omitted":	false
				}],
			"sum":	{
				"start":	7.000315,
				"end":	7.807061,
				"seconds":	0.806746,
				"bytes":	456120,
				"bits_per_second":	4523059.268726,
				"retransmits":	0,
				"omitted":	false
			}
		}],
	"end":	{
		"streams":	[{
				"sender":	{
					"socket":	5,
					"start":	0,
					"end":	7.807061,
					"seconds":	7.807061,
					"bytes":	4957952,
					"bits_per_second":	5080479.710279,
					"retransmits":	4,
					"max_snd_cwnd":	196928,
					"max_rtt":	259271,
					"min_rtt":	27588,
					"mean_rtt":	131767
				},
				"receiver":	{
					"socket":	5,
					"start":	0,
					"end":	7.807061,
					"seconds":	7.807061,
					"bytes":	0,
					"bits_per_second":	0
				}
			}],
		"sum_sent":	{
			"start":	0,
			"end":	7.807061,
			"seconds":	7.807061,
			"bytes":	4957952,
			"bits_per_second":	5080479.710279,
			"retransmits":	4
		},
		"sum_received":	{
			"start":	0,
			"end":	7.807061,
			"seconds":	7.807061,
			"bytes":	0,
			"bits_per_second":	0
		},
		"cpu_utilization_percent":	{
			"host_total":	0.161153,
			"host_user":	0.054289,
			"host_system":	0.106916,
			"remote_total":	0,
			"remote_user":	0,
			"remote_system":	0
		}
	},
	"error":	"interrupt - the client has terminated"
}
