{
	"start":	{
		"connected":	[{
				"socket":	5,
				"local_host":	"100.64.0.2",
				"local_port":	45486,
				"remote_host":	"10.120.8.116",
				"remote_port":	5201
			}],
		"version":	"iperf 3.1.3",
		"system_info":	"Linux lorenzo-nrg 5.4.232 #2 SMP Thu Feb 23 21:13:11 CST 2023 x86_64",
		"timestamp":	{
			"time":	"Fri, 24 Mar 2023 01:07:50 GMT",
			"timesecs":	1679620070
		},
		"connecting_to":	{
			"host":	"10.120.8.116",
			"port":	5201
		},
		"cookie":	"lorenzo-nrg.1679620070.819173.081047",
		"tcp_mss_default":	1448,
		"test_start":	{
			"protocol":	"TCP",
			"num_streams":	1,
			"blksize":	131072,
			"omit":	0,
			"duration":	86400,
			"bytes":	0,
			"blocks":	0,
			"reverse":	0
		}
	},
	"intervals":	[{
			"streams":	[{
					"socket":	5,
					"start":	0,
					"end":	1.000911,
					"seconds":	1.000911,
					"bytes":	635672,
					"bits_per_second":	5080747.452328,
					"retransmits":	1,
					"snd_cwnd":	1448,
					"rtt":	57185,
					"omitted":	false
				}],
			"sum":	{
				"start":	0,
				"end":	1.000911,
				"seconds":	1.000911,
				"bytes":	635672,
				"bits_per_second":	5080747.452328,
				"retransmits":	1,
				"omitted":	false
			}
		}, {
			"streams":	[{
					"socket":	5,
					"start":	1.000911,
					"end":	2.000130,
					"seconds":	0.999219,
					"bytes":	1615968,
					"bits_per_second":	12937846.139976,
					"retransmits":	1,
					"snd_cwnd":	112944,
					"rtt":	53961,
					"omitted":	false
				}],
			"sum":	{
				"start":	1.000911,
				"end":	2.000130,
				"seconds":	0.999219,
				"bytes":	1615968,
				"bits_per_second":	12937846.139976,
				"retransmits":	1,
				"omitted":	false
			}
		}, {
			"streams":	[{
					"socket":	5,
					"start":	2.000130,
					"end":	3.000216,
					"seconds":	1.000086,
					"bytes":	1368360,
					"bits_per_second":	10945940.502391,
					"retransmits":	0,
					"snd_cwnd":	136112,
					"rtt":	117089,
					"omitted":	false
				}],
			"sum":	{
				"start":	2.000130,
				"end":	3.000216,
				"seconds":	1.000086,
				"bytes":	1368360,
				"bits_per_second":	10945940.502391,
				"retransmits":	0,
				"omitted":	false
			}
		}, {
			"streams":	[{
					"socket":	5,
					"start":	3.000216,
					"end":	4.001188,
					"seconds":	1.000972,
					"bytes":	0,
					"bits_per_second":	0,
					"retransmits":	1,
					"snd_cwnd":	1448,
					"rtt":	117089,
					"omitted":	false
				}],
			"sum":	{
				"start":	3.000216,
				"end":	4.001188,
				"seconds":	1.000972,
				"bytes":	0,
				"bits_per_second":	0,
				"retransmits":	1,
				"omitted":	false
			}
		}, {
			"streams":	[{
					"socket":	5,
					"start":	4.001188,
					"end":	5.001110,
					"seconds":	0.999922,
					"bytes":	0,
					"bits_per_second":	0,
					"retransmits":	1,
					"snd_cwnd":	1448,
					"rtt":	117089,
					"omitted":	false
				}],
			"sum":	{
				"start":	4.001188,
				"end":	5.001110,
				"seconds":	0.999922,
				"bytes":	0,
				"bits_per_second":	0,
				"retransmits":	1,
				"omitted":	false
			}
		}, {
			"streams":	[{
					"socket":	5,
					"start":	5.001110,
					"end":	6.000422,
					"seconds":	0.999312,
					"bytes":	586440,
					"bits_per_second":	4694750.345129,
					"retransmits":	0,
					"snd_cwnd":	107152,
					"rtt":	218648,
					"omitted":	false
				}],
			"sum":	{
				"start":	5.001110,
				"end":	6.000422,
				"seconds":	0.999312,
				"bytes":	586440,
				"bits_per_second":	4694750.345129,
				"retransmits":	0,
				"omitted":	false
			}
		}, {
			"streams":	[{
					"socket":	5,
					"start":	6.000422,
					"end":	7.000339,
					"seconds":	0.999917,
					"bytes":	456120,
					"bits_per_second":	3649262.778112,
					"retransmits":	0,
					"snd_cwnd":	169416,
					"rtt":	231144,
					"omitted":	false
				}],
			"sum":	{
				"start":	6.000422,
				"end":	7.000339,
				"seconds":	0.999917,
				"bytes":	456120,
				"bits_per_second":	3649262.778112,
				"retransmits":	0,
				"omitted":	false
			}
		}, {
			"streams":	[{
					"socket":	5,
					"start":	7.000339,
					"end":	7.756043,
					"seconds":	0.755704,
					"bytes":	456120,
					"bits_per_second":	4828556.161775,
					"retransmits":	0,
					"snd_cwnd":	191136,
					"rtt":	189572,
					"omitted":	false
				}],
			"sum":	{
				"start":	7.000339,
				"end":	7.756043,
				"seconds":	0.755704,
				"bytes":	456120,
				"bits_per_second":	4828556.161775,
				"retransmits":	0,
				"omitted":	false
			}
		}],
	"end":	{
		"streams":	[{
				"sender":	{
					"socket":	5,
					"start":	0,
					"end":	7.756043,
					"seconds":	7.756043,
					"bytes":	5118680,
					"bits_per_second":	5279681.787045,
					"retransmits":	4,
					"max_snd_cwnd":	191136,
					"max_rtt":	231144,
					"min_rtt":	53961,
					"mean_rtt":	137722
				},
				"receiver":	{
					"socket":	5,
					"start":	0,
					"end":	7.756043,
					"seconds":	7.756043,
					"bytes":	0,
					"bits_per_second":	0
				}
			}],
		"sum_sent":	{
			"start":	0,
			"end":	7.756043,
			"seconds":	7.756043,
			"bytes":	5118680,
			"bits_per_second":	5279681.787045,
			"retransmits":	4
		},
		"sum_received":	{
			"start":	0,
			"end":	7.756043,
			"seconds":	7.756043,
			"bytes":	0,
			"bits_per_second":	0
		},
		"cpu_utilization_percent":	{
			"host_total":	0.313274,
			"host_user":	0.147012,
			"host_system":	0.166339,
			"remote_total":	0,
			"remote_user":	0,
			"remote_system":	0
		}
	},
	"error":	"interrupt - the client has terminated"
}
