{
	"start":	{
		"connected":	[{
				"socket":	5,
				"local_host":	"100.64.0.2",
				"local_port":	32848,
				"remote_host":	"10.120.8.116",
				"remote_port":	5201
			}],
		"version":	"iperf 3.1.3",
		"system_info":	"Linux lorenzo-nrg 5.4.232 #2 SMP Thu Feb 23 21:13:11 CST 2023 x86_64",
		"timestamp":	{
			"time":	"Fri, 24 Mar 2023 01:09:54 GMT",
			"timesecs":	1679620194
		},
		"connecting_to":	{
			"host":	"10.120.8.116",
			"port":	5201
		},
		"cookie":	"lorenzo-nrg.1679620194.528755.268431",
		"tcp_mss_default":	1448,
		"test_start":	{
			"protocol":	"TCP",
			"num_streams":	1,
			"blksize":	131072,
			"omit":	0,
			"duration":	86400,
			"bytes":	0,
			"blocks":	0,
			"reverse":	0
		}
	},
	"intervals":	[{
			"streams":	[{
					"socket":	5,
					"start":	0,
					"end":	1.000287,
					"seconds":	1.000287,
					"bytes":	563272,
					"bits_per_second":	4504882.846488,
					"retransmits":	0,
					"snd_cwnd":	86880,
					"rtt":	116659,
					"omitted":	false
				}],
			"sum":	{
				"start":	0,
				"end":	1.000287,
				"seconds":	1.000287,
				"bytes":	563272,
				"bits_per_second":	4504882.846488,
				"retransmits":	0,
				"omitted":	false
			}
		}, {
			"streams":	[{
					"socket":	5,
					"start":	1.000287,
					"end":	2.000416,
					"seconds":	1.000129,
					"bytes":	980296,
					"bits_per_second":	7841356.586923,
					"retransmits":	0,
					"snd_cwnd":	98464,
					"rtt":	143616,
					"omitted":	false
				}],
			"sum":	{
				"start":	1.000287,
				"end":	2.000416,
				"seconds":	1.000129,
				"bytes":	980296,
				"bits_per_second":	7841356.586923,
				"retransmits":	0,
				"omitted":	false
			}
		}, {
			"streams":	[{
					"socket":	5,
					"start":	2.000416,
					"end":	3.000568,
					"seconds":	1.000152,
					"bytes":	586440,
					"bits_per_second":	4690807.594691,
					"retransmits":	0,
					"snd_cwnd":	123080,
					"rtt":	169353,
					"omitted":	false
				}],
			"sum":	{
				"start":	2.000416,
				"end":	3.000568,
				"seconds":	1.000152,
				"bytes":	586440,
				"bits_per_second":	4690807.594691,
				"retransmits":	0,
				"omitted":	false
			}
		}, {
			"streams":	[{
					"socket":	5,
					"start":	3.000568,
					"end":	4.000323,
					"seconds":	0.999755,
					"bytes":	456120,
					"bits_per_second":	3649853.688139,
					"retransmits":	0,
					"snd_cwnd":	149144,
					"rtt":	182848,
					"omitted":	false
				}],
			"sum":	{
				"start":	3.000568,
				"end":	4.000323,
				"seconds":	0.999755,
				"bytes":	456120,
				"bits_per_second":	3649853.688139,
				"retransmits":	0,
				"omitted":	false
			}
		}, {
			"streams":	[{
					"socket":	5,
					"start":	4.000323,
					"end":	5.000147,
					"seconds":	0.999824,
					"bytes":	586440,
					"bits_per_second":	4692346.750815,
					"retransmits":	0,
					"snd_cwnd":	182448,
					"rtt":	268416,
					"omitted":	false
				}],
			"sum":	{
				"start":	4.000323,
				"end":	5.000147,
				"seconds":	0.999824,
				"bytes":	586440,
				"bits_per_second":	4692346.750815,
				"retransmits":	0,
				"omitted":	false
			}
		}, {
			"streams":	[{
					"socket":	5,
					"start":	5.000147,
					"end":	5.637838,
					"seconds":	0.637691,
					"bytes":	260640,
					"bits_per_second":	3269796.706315,
					"retransmits":	0,
					"snd_cwnd":	212856,
					"rtt":	291137,
					"omitted":	false
				}],
			"sum":	{
				"start":	5.000147,
				"end":	5.637838,
				"seconds":	0.637691,
				"bytes":	260640,
				"bits_per_second":	3269796.706315,
				"retransmits":	0,
				"omitted":	false
			}
		}],
	"end":	{
		"streams":	[{
				"sender":	{
					"socket":	5,
					"start":	0,
					"end":	5.637838,
					"seconds":	5.637838,
					"bytes":	3433208,
					"bits_per_second":	4871666.151355,
					"retransmits":	0,
					"max_snd_cwnd":	212856,
					"max_rtt":	291137,
					"min_rtt":	116659,
					"mean_rtt":	195338
				},
				"receiver":	{
					"socket":	5,
					"start":	0,
					"end":	5.637838,
					"seconds":	5.637838,
					"bytes":	0,
					"bits_per_second":	0
				}
			}],
		"sum_sent":	{
			"start":	0,
			"end":	5.637838,
			"seconds":	5.637838,
			"bytes":	3433208,
			"bits_per_second":	4871666.151355,
			"retransmits":	0
		},
		"sum_received":	{
			"start":	0,
			"end":	5.637838,
			"seconds":	5.637838,
			"bytes":	0,
			"bits_per_second":	0
		},
		"cpu_utilization_percent":	{
			"host_total":	0.414272,
			"host_user":	0.296687,
			"host_system":	0.117620,
			"remote_total":	0,
			"remote_user":	0,
			"remote_system":	0
		}
	},
	"error":	"interrupt - the client has terminated"
}
