{
	"start":	{
		"connected":	[{
				"socket":	5,
				"local_host":	"100.64.0.2",
				"local_port":	59512,
				"remote_host":	"10.120.8.116",
				"remote_port":	5201
			}],
		"version":	"iperf 3.1.3",
		"system_info":	"Linux lorenzo-nrg 5.4.232 #2 SMP Thu Feb 23 21:13:11 CST 2023 x86_64",
		"timestamp":	{
			"time":	"Fri, 24 Mar 2023 00:40:51 GMT",
			"timesecs":	1679618451
		},
		"connecting_to":	{
			"host":	"10.120.8.116",
			"port":	5201
		},
		"cookie":	"lorenzo-nrg.1679618451.087856.75afa9",
		"tcp_mss_default":	1448,
		"test_start":	{
			"protocol":	"TCP",
			"num_streams":	1,
			"blksize":	131072,
			"omit":	0,
			"duration":	2,
			"bytes":	0,
			"blocks":	0,
			"reverse":	0
		}
	},
	"intervals":	[{
			"streams":	[{
					"socket":	5,
					"start":	0,
					"end":	1.000528,
					"seconds":	1.000528,
					"bytes":	728344,
					"bits_per_second":	5823677.920745,
					"retransmits":	0,
					"snd_cwnd":	236024,
					"rtt":	470052,
					"omitted":	false
				}],
			"sum":	{
				"start":	0,
				"end":	1.000528,
				"seconds":	1.000528,
				"bytes":	728344,
				"bits_per_second":	5823677.920745,
				"retransmits":	0,
				"omitted":	false
			}
		}, {
			"streams":	[{
					"socket":	5,
					"start":	1.000528,
					"end":	2.000940,
					"seconds":	1.000412,
					"bytes":	1579768,
					"bits_per_second":	12632939.389351,
					"retransmits":	0,
					"snd_cwnd":	253400,
					"rtt":	733549,
					"omitted":	false
				}],
			"sum":	{
				"start":	1.000528,
				"end":	2.000940,
				"seconds":	1.000412,
				"bytes":	1579768,
				"bits_per_second":	12632939.389351,
				"retransmits":	0,
				"omitted":	false
			}
		}],
	"end":	{
		"streams":	[{
				"sender":	{
					"socket":	5,
					"start":	0,
					"end":	2.000940,
					"seconds":	2.000940,
					"bytes":	2308112,
					"bits_per_second":	9228111.497981,
					"retransmits":	0,
					"max_snd_cwnd":	253400,
					"max_rtt":	733549,
					"min_rtt":	470052,
					"mean_rtt":	601800
				},
				"receiver":	{
					"socket":	5,
					"start":	0,
					"end":	2.000940,
					"seconds":	2.000940,
					"bytes":	503904,
					"bits_per_second":	2014669.260538
				}
			}],
		"sum_sent":	{
			"start":	0,
			"end":	2.000940,
			"seconds":	2.000940,
			"bytes":	2308112,
			"bits_per_second":	9228111.497981,
			"retransmits":	0
		},
		"sum_received":	{
			"start":	0,
			"end":	2.000940,
			"seconds":	2.000940,
			"bytes":	503904,
			"bits_per_second":	2014669.260538
		},
		"cpu_utilization_percent":	{
			"host_total":	0.974704,
			"host_user":	0.534507,
			"host_system":	0.440419,
			"remote_total":	0.429885,
			"remote_user":	0.291245,
			"remote_system":	0.138621
		}
	}
}
