{
	"start":	{
		"connected":	[{
				"socket":	5,
				"local_host":	"100.64.0.2",
				"local_port":	48790,
				"remote_host":	"10.120.8.116",
				"remote_port":	5201
			}],
		"version":	"iperf 3.1.3",
		"system_info":	"Linux lorenzo-nrg 5.4.232 #2 SMP Thu Feb 23 21:13:11 CST 2023 x86_64",
		"timestamp":	{
			"time":	"Fri, 24 Mar 2023 01:45:44 GMT",
			"timesecs":	1679622344
		},
		"connecting_to":	{
			"host":	"10.120.8.116",
			"port":	5201
		},
		"cookie":	"lorenzo-nrg.1679622344.584629.6481c2",
		"tcp_mss_default":	1448,
		"test_start":	{
			"protocol":	"TCP",
			"num_streams":	1,
			"blksize":	131072,
			"omit":	0,
			"duration":	86400,
			"bytes":	0,
			"blocks":	0,
			"reverse":	0
		}
	},
	"intervals":	[{
			"streams":	[{
					"socket":	5,
					"start":	0,
					"end":	1.000345,
					"seconds":	1.000345,
					"bytes":	611056,
					"bits_per_second":	4886762.107711,
					"retransmits":	0,
					"snd_cwnd":	88328,
					"rtt":	173216,
					"omitted":	false
				}],
			"sum":	{
				"start":	0,
				"end":	1.000345,
				"seconds":	1.000345,
				"bytes":	611056,
				"bits_per_second":	4886762.107711,
				"retransmits":	0,
				"omitted":	false
			}
		}, {
			"streams":	[{
					"socket":	5,
					"start":	1.000345,
					"end":	2.000139,
					"seconds":	0.999794,
					"bytes":	1139576,
					"bits_per_second":	9118486.350307,
					"retransmits":	0,
					"snd_cwnd":	102808,
					"rtt":	195932,
					"omitted":	false
				}],
			"sum":	{
				"start":	1.000345,
				"end":	2.000139,
				"seconds":	0.999794,
				"bytes":	1139576,
				"bits_per_second":	9118486.350307,
				"retransmits":	0,
				"omitted":	false
			}
		}, {
			"streams":	[{
					"socket":	5,
					"start":	2.000139,
					"end":	2.993952,
					"seconds":	0.993813,
					"bytes":	390960,
					"bits_per_second":	3147151.305940,
					"retransmits":	0,
					"snd_cwnd":	95568,
					"rtt":	124530,
					"omitted":	false
				}],
			"sum":	{
				"start":	2.000139,
				"end":	2.993952,
				"seconds":	0.993813,
				"bytes":	390960,
				"bits_per_second":	3147151.305940,
				"retransmits":	0,
				"omitted":	false
			}
		}],
	"end":	{
		"streams":	[{
				"sender":	{
					"socket":	5,
					"start":	0,
					"end":	2.993952,
					"seconds":	2.993952,
					"bytes":	2141592,
					"bits_per_second":	5722448.387463,
					"retransmits":	0,
					"max_snd_cwnd":	102808,
					"max_rtt":	195932,
					"min_rtt":	124530,
					"mean_rtt":	164559
				},
				"receiver":	{
					"socket":	5,
					"start":	0,
					"end":	2.993952,
					"seconds":	2.993952,
					"bytes":	0,
					"bits_per_second":	0
				}
			}],
		"sum_sent":	{
			"start":	0,
			"end":	2.993952,
			"seconds":	2.993952,
			"bytes":	2141592,
			"bits_per_second":	5722448.387463,
			"retransmits":	0
		},
		"sum_received":	{
			"start":	0,
			"end":	2.993952,
			"seconds":	2.993952,
			"bytes":	0,
			"bits_per_second":	0
		},
		"cpu_utilization_percent":	{
			"host_total":	0.721844,
			"host_user":	0.348989,
			"host_system":	0.372854,
			"remote_total":	0,
			"remote_user":	0,
			"remote_system":	0
		}
	},
	"error":	"interrupt - the client has terminated"
}
