{
	"start":	{
		"connected":	[{
				"socket":	5,
				"local_host":	"100.64.0.2",
				"local_port":	53930,
				"remote_host":	"10.120.8.116",
				"remote_port":	5201
			}],
		"version":	"iperf 3.1.3",
		"system_info":	"Linux lorenzo-nrg 5.4.232 #2 SMP Thu Feb 23 21:13:11 CST 2023 x86_64",
		"timestamp":	{
			"time":	"Fri, 24 Mar 2023 01:19:12 GMT",
			"timesecs":	1679620752
		},
		"connecting_to":	{
			"host":	"10.120.8.116",
			"port":	5201
		},
		"cookie":	"lorenzo-nrg.1679620752.139395.065f6b",
		"tcp_mss_default":	1448,
		"test_start":	{
			"protocol":	"TCP",
			"num_streams":	1,
			"blksize":	131072,
			"omit":	0,
			"duration":	86400,
			"bytes":	0,
			"blocks":	0,
			"reverse":	0
		}
	},
	"intervals":	[{
			"streams":	[{
					"socket":	5,
					"start":	0,
					"end":	1.000211,
					"seconds":	1.000211,
					"bytes":	626984,
					"bits_per_second":	5014813.872054,
					"retransmits":	1,
					"snd_cwnd":	1448,
					"rtt":	47756,
					"omitted":	false
				}],
			"sum":	{
				"start":	0,
				"end":	1.000211,
				"seconds":	1.000211,
				"bytes":	626984,
				"bits_per_second":	5014813.872054,
				"retransmits":	1,
				"omitted":	false
			}
		}, {
			"streams":	[{
					"socket":	5,
					"start":	1.000211,
					"end":	2.000157,
					"seconds":	0.999946,
					"bytes":	802192,
					"bits_per_second":	6417881.812151,
					"retransmits":	1,
					"snd_cwnd":	79640,
					"rtt":	31564,
					"omitted":	false
				}],
			"sum":	{
				"start":	1.000211,
				"end":	2.000157,
				"seconds":	0.999946,
				"bytes":	802192,
				"bits_per_second":	6417881.812151,
				"retransmits":	1,
				"omitted":	false
			}
		}, {
			"streams":	[{
					"socket":	5,
					"start":	2.000157,
					"end":	3.000401,
					"seconds":	1.000244,
					"bytes":	2130008,
					"bits_per_second":	17035908.904230,
					"retransmits":	0,
					"snd_cwnd":	86880,
					"rtt":	43901,
					"omitted":	false
				}],
			"sum":	{
				"start":	2.000157,
				"end":	3.000401,
				"seconds":	1.000244,
				"bytes":	2130008,
				"bits_per_second":	17035908.904230,
				"retransmits":	0,
				"omitted":	false
			}
		}, {
			"streams":	[{
					"socket":	5,
					"start":	3.000401,
					"end":	4.001156,
					"seconds":	1.000755,
					"bytes":	0,
					"bits_per_second":	0,
					"retransmits":	2,
					"snd_cwnd":	1448,
					"rtt":	43901,
					"omitted":	false
				}],
			"sum":	{
				"start":	3.000401,
				"end":	4.001156,
				"seconds":	1.000755,
				"bytes":	0,
				"bits_per_second":	0,
				"retransmits":	2,
				"omitted":	false
			}
		}, {
			"streams":	[{
					"socket":	5,
					"start":	4.001156,
					"end":	5.001151,
					"seconds":	0.999995,
					"bytes":	0,
					"bits_per_second":	0,
					"retransmits":	1,
					"snd_cwnd":	1448,
					"rtt":	43901,
					"omitted":	false
				}],
			"sum":	{
				"start":	4.001156,
				"end":	5.001151,
				"seconds":	0.999995,
				"bytes":	0,
				"bits_per_second":	0,
				"retransmits":	1,
				"omitted":	false
			}
		}, {
			"streams":	[{
					"socket":	5,
					"start":	5.001151,
					"end":	6.001443,
					"seconds":	1.000292,
					"bytes":	390960,
					"bits_per_second":	3126766.787864,
					"retransmits":	0,
					"snd_cwnd":	104256,
					"rtt":	103160,
					"omitted":	false
				}],
			"sum":	{
				"start":	5.001151,
				"end":	6.001443,
				"seconds":	1.000292,
				"bytes":	390960,
				"bits_per_second":	3126766.787864,
				"retransmits":	0,
				"omitted":	false
			}
		}, {
			"streams":	[{
					"socket":	5,
					"start":	6.001443,
					"end":	7.000288,
					"seconds":	0.998845,
					"bytes":	586440,
					"bits_per_second":	4696945.620444,
					"retransmits":	0,
					"snd_cwnd":	34752,
					"rtt":	115773,
					"omitted":	false
				}],
			"sum":	{
				"start":	6.001443,
				"end":	7.000288,
				"seconds":	0.998845,
				"bytes":	586440,
				"bits_per_second":	4696945.620444,
				"retransmits":	0,
				"omitted":	false
			}
		}, {
			"streams":	[{
					"socket":	5,
					"start":	7.000288,
					"end":	8.000423,
					"seconds":	1.000135,
					"bytes":	521280,
					"bits_per_second":	4169676.329251,
					"retransmits":	0,
					"snd_cwnd":	43440,
					"rtt":	154527,
					"omitted":	false
				}],
			"sum":	{
				"start":	7.000288,
				"end":	8.000423,
				"seconds":	1.000135,
				"bytes":	521280,
				"bits_per_second":	4169676.329251,
				"retransmits":	0,
				"omitted":	false
			}
		}, {
			"streams":	[{
					"socket":	5,
					"start":	8.000423,
					"end":	8.901110,
					"seconds":	0.900687,
					"bytes":	0,
					"bits_per_second":	0,
					"retransmits":	1,
					"snd_cwnd":	43440,
					"rtt":	472334,
					"omitted":	false
				}],
			"sum":	{
				"start":	8.000423,
				"end":	8.901110,
				"seconds":	0.900687,
				"bytes":	0,
				"bits_per_second":	0,
				"retransmits":	1,
				"omitted":	false
			}
		}],
	"end":	{
		"streams":	[{
				"sender":	{
					"socket":	5,
					"start":	0,
					"end":	8.901110,
					"seconds":	8.901110,
					"bytes":	5057864,
					"bits_per_second":	4545827.567223,
					"retransmits":	6,
					"max_snd_cwnd":	104256,
					"max_rtt":	472334,
					"min_rtt":	31564,
					"mean_rtt":	117424
				},
				"receiver":	{
					"socket":	5,
					"start":	0,
					"end":	8.901110,
					"seconds":	8.901110,
					"bytes":	0,
					"bits_per_second":	0
				}
			}],
		"sum_sent":	{
			"start":	0,
			"end":	8.901110,
			"seconds":	8.901110,
			"bytes":	5057864,
			"bits_per_second":	4545827.567223,
			"retransmits":	6
		},
		"sum_received":	{
			"start":	0,
			"end":	8.901110,
			"seconds":	8.901110,
			"bytes":	0,
			"bits_per_second":	0
		},
		"cpu_utilization_percent":	{
			"host_total":	0.149080,
			"host_user":	0.065577,
			"host_system":	0.083559,
			"remote_total":	0,
			"remote_user":	0,
			"remote_system":	0
		}
	},
	"error":	"interrupt - the client has terminated"
}
