{
	"start":	{
		"connected":	[{
				"socket":	5,
				"local_host":	"100.64.0.2",
				"local_port":	38354,
				"remote_host":	"10.120.8.116",
				"remote_port":	5201
			}],
		"version":	"iperf 3.1.3",
		"system_info":	"Linux lorenzo-nrg 5.4.232 #2 SMP Thu Feb 23 21:13:11 CST 2023 x86_64",
		"timestamp":	{
			"time":	"Fri, 24 Mar 2023 01:28:22 GMT",
			"timesecs":	1679621302
		},
		"connecting_to":	{
			"host":	"10.120.8.116",
			"port":	5201
		},
		"cookie":	"lorenzo-nrg.1679621301.726641.140e7c",
		"tcp_mss_default":	1448,
		"test_start":	{
			"protocol":	"TCP",
			"num_streams":	1,
			"blksize":	131072,
			"omit":	0,
			"duration":	86400,
			"bytes":	0,
			"blocks":	0,
			"reverse":	0
		}
	},
	"intervals":	[{
			"streams":	[{
					"socket":	5,
					"start":	0,
					"end":	1.000342,
					"seconds":	1.000342,
					"bytes":	689248,
					"bits_per_second":	5512099.455956,
					"retransmits":	0,
					"snd_cwnd":	17376,
					"rtt":	394208,
					"omitted":	false
				}],
			"sum":	{
				"start":	0,
				"end":	1.000342,
				"seconds":	1.000342,
				"bytes":	689248,
				"bits_per_second":	5512099.455956,
				"retransmits":	0,
				"omitted":	false
			}
		}, {
			"streams":	[{
					"socket":	5,
					"start":	1.000342,
					"end":	2.001211,
					"seconds":	1.000869,
					"bytes":	212856,
					"bits_per_second":	1701369.449174,
					"retransmits":	0,
					"snd_cwnd":	23168,
					"rtt":	75620,
					"omitted":	false
				}],
			"sum":	{
				"start":	1.000342,
				"end":	2.001211,
				"seconds":	1.000869,
				"bytes":	212856,
				"bits_per_second":	1701369.449174,
				"retransmits":	0,
				"omitted":	false
			}
		}, {
			"streams":	[{
					"socket":	5,
					"start":	2.001211,
					"end":	3.000545,
					"seconds":	0.999334,
					"bytes":	130320,
					"bits_per_second":	1043254.706534,
					"retransmits":	0,
					"snd_cwnd":	23168,
					"rtt":	125319,
					"omitted":	false
				}],
			"sum":	{
				"start":	2.001211,
				"end":	3.000545,
				"seconds":	0.999334,
				"bytes":	130320,
				"bits_per_second":	1043254.706534,
				"retransmits":	0,
				"omitted":	false
			}
		}, {
			"streams":	[{
					"socket":	5,
					"start":	3.000545,
					"end":	4.000635,
					"seconds":	1.000090,
					"bytes":	130320,
					"bits_per_second":	1042466.299163,
					"retransmits":	0,
					"snd_cwnd":	28960,
					"rtt":	184891,
					"omitted":	false
				}],
			"sum":	{
				"start":	3.000545,
				"end":	4.000635,
				"seconds":	1.000090,
				"bytes":	130320,
				"bits_per_second":	1042466.299163,
				"retransmits":	0,
				"omitted":	false
			}
		}, {
			"streams":	[{
					"socket":	5,
					"start":	4.000635,
					"end":	5.000521,
					"seconds":	0.999886,
					"bytes":	130320,
					"bits_per_second":	1042678.827934,
					"retransmits":	0,
					"snd_cwnd":	39096,
					"rtt":	138731,
					"omitted":	false
				}],
			"sum":	{
				"start":	4.000635,
				"end":	5.000521,
				"seconds":	0.999886,
				"bytes":	130320,
				"bits_per_second":	1042678.827934,
				"retransmits":	0,
				"omitted":	false
			}
		}, {
			"streams":	[{
					"socket":	5,
					"start":	5.000521,
					"end":	5.289115,
					"seconds":	0.288594,
					"bytes":	0,
					"bits_per_second":	0,
					"retransmits":	0,
					"snd_cwnd":	46336,
					"rtt":	221704,
					"omitted":	false
				}],
			"sum":	{
				"start":	5.000521,
				"end":	5.289115,
				"seconds":	0.288594,
				"bytes":	0,
				"bits_per_second":	0,
				"retransmits":	0,
				"omitted":	false
			}
		}],
	"end":	{
		"streams":	[{
				"sender":	{
					"socket":	5,
					"start":	0,
					"end":	5.289115,
					"seconds":	5.289115,
					"bytes":	1293064,
					"bits_per_second":	1955811.528717,
					"retransmits":	0,
					"max_snd_cwnd":	46336,
					"max_rtt":	394208,
					"min_rtt":	75620,
					"mean_rtt":	190078
				},
				"receiver":	{
					"socket":	5,
					"start":	0,
					"end":	5.289115,
					"seconds":	5.289115,
					"bytes":	0,
					"bits_per_second":	0
				}
			}],
		"sum_sent":	{
			"start":	0,
			"end":	5.289115,
			"seconds":	5.289115,
			"bytes":	1293064,
			"bits_per_second":	1955811.528717,
			"retransmits":	0
		},
		"sum_received":	{
			"start":	0,
			"end":	5.289115,
			"seconds":	5.289115,
			"bytes":	0,
			"bits_per_second":	0
		},
		"cpu_utilization_percent":	{
			"host_total":	0.407464,
			"host_user":	0.281187,
			"host_system":	0.126259,
			"remote_total":	0,
			"remote_user":	0,
			"remote_system":	0
		}
	},
	"error":	"interrupt - the client has terminated"
}
