{
	"start":	{
		"connected":	[{
				"socket":	5,
				"local_host":	"100.64.0.2",
				"local_port":	35124,
				"remote_host":	"10.120.8.116",
				"remote_port":	5201
			}],
		"version":	"iperf 3.1.3",
		"system_info":	"Linux lorenzo-nrg 5.4.232 #2 SMP Thu Feb 23 21:13:11 CST 2023 x86_64",
		"timestamp":	{
			"time":	"Fri, 24 Mar 2023 01:19:24 GMT",
			"timesecs":	1679620764
		},
		"connecting_to":	{
			"host":	"10.120.8.116",
			"port":	5201
		},
		"cookie":	"lorenzo-nrg.1679620763.543780.31aadf",
		"tcp_mss_default":	1448,
		"test_start":	{
			"protocol":	"TCP",
			"num_streams":	1,
			"blksize":	131072,
			"omit":	0,
			"duration":	86400,
			"bytes":	0,
			"blocks":	0,
			"reverse":	0
		}
	},
	"intervals":	[{
			"streams":	[{
					"socket":	5,
					"start":	0,
					"end":	1.000305,
					"seconds":	1.000305,
					"bytes":	4129696,
					"bits_per_second":	33027496.682266,
					"retransmits":	0,
					"snd_cwnd":	204168,
					"rtt":	15328,
					"omitted":	false
				}],
			"sum":	{
				"start":	0,
				"end":	1.000305,
				"seconds":	1.000305,
				"bytes":	4129696,
				"bits_per_second":	33027496.682266,
				"retransmits":	0,
				"omitted":	false
			}
		}, {
			"streams":	[{
					"socket":	5,
					"start":	1.000305,
					"end":	2.000321,
					"seconds":	1.000016,
					"bytes":	5212800,
					"bits_per_second":	41701733.854635,
					"retransmits":	0,
					"snd_cwnd":	434400,
					"rtt":	75720,
					"omitted":	false
				}],
			"sum":	{
				"start":	1.000305,
				"end":	2.000321,
				"seconds":	1.000016,
				"bytes":	5212800,
				"bits_per_second":	41701733.854635,
				"retransmits":	0,
				"omitted":	false
			}
		}, {
			"streams":	[{
					"socket":	5,
					"start":	2.000321,
					"end":	3.000716,
					"seconds":	1.000395,
					"bytes":	7400680,
					"bits_per_second":	59182059.560077,
					"retransmits":	0,
					"snd_cwnd":	625536,
					"rtt":	112640,
					"omitted":	false
				}],
			"sum":	{
				"start":	2.000321,
				"end":	3.000716,
				"seconds":	1.000395,
				"bytes":	7400680,
				"bits_per_second":	59182059.560077,
				"retransmits":	0,
				"omitted":	false
			}
		}, {
			"streams":	[{
					"socket":	5,
					"start":	3.000716,
					"end":	4.000489,
					"seconds":	0.999773,
					"bytes":	4719080,
					"bits_per_second":	37761210.831468,
					"retransmits":	0,
					"snd_cwnd":	498112,
					"rtt":	13813,
					"omitted":	false
				}],
			"sum":	{
				"start":	3.000716,
				"end":	4.000489,
				"seconds":	0.999773,
				"bytes":	4719080,
				"bits_per_second":	37761210.831468,
				"retransmits":	0,
				"omitted":	false
			}
		}, {
			"streams":	[{
					"socket":	5,
					"start":	4.000489,
					"end":	5.000390,
					"seconds":	0.999901,
					"bytes":	4300560,
					"bits_per_second":	34407884.443751,
					"retransmits":	0,
					"snd_cwnd":	603816,
					"rtt":	76226,
					"omitted":	false
				}],
			"sum":	{
				"start":	4.000489,
				"end":	5.000390,
				"seconds":	0.999901,
				"bytes":	4300560,
				"bits_per_second":	34407884.443751,
				"retransmits":	0,
				"omitted":	false
			}
		}, {
			"streams":	[{
					"socket":	5,
					"start":	5.000390,
					"end":	5.619223,
					"seconds":	0.618833,
					"bytes":	0,
					"bits_per_second":	0,
					"retransmits":	1,
					"snd_cwnd":	1448,
					"rtt":	76226,
					"omitted":	false
				}],
			"sum":	{
				"start":	5.000390,
				"end":	5.619223,
				"seconds":	0.618833,
				"bytes":	0,
				"bits_per_second":	0,
				"retransmits":	1,
				"omitted":	false
			}
		}],
	"end":	{
		"streams":	[{
				"sender":	{
					"socket":	5,
					"start":	0,
					"end":	5.619223,
					"seconds":	5.619223,
					"bytes":	25762816,
					"bits_per_second":	36678119.452284,
					"retransmits":	1,
					"max_snd_cwnd":	625536,
					"max_rtt":	112640,
					"min_rtt":	13813,
					"mean_rtt":	61658
				},
				"receiver":	{
					"socket":	5,
					"start":	0,
					"end":	5.619223,
					"seconds":	5.619223,
					"bytes":	0,
					"bits_per_second":	0
				}
			}],
		"sum_sent":	{
			"start":	0,
			"end":	5.619223,
			"seconds":	5.619223,
			"bytes":	25762816,
			"bits_per_second":	36678119.452284,
			"retransmits":	1
		},
		"sum_received":	{
			"start":	0,
			"end":	5.619223,
			"seconds":	5.619223,
			"bytes":	0,
			"bits_per_second":	0
		},
		"cpu_utilization_percent":	{
			"host_total":	0.808306,
			"host_user":	0.436933,
			"host_system":	0.371355,
			"remote_total":	0,
			"remote_user":	0,
			"remote_system":	0
		}
	},
	"error":	"interrupt - the client has terminated"
}
