{
	"start":	{
		"connected":	[{
				"socket":	5,
				"local_host":	"100.64.0.2",
				"local_port":	54458,
				"remote_host":	"10.120.8.116",
				"remote_port":	5201
			}],
		"version":	"iperf 3.1.3",
		"system_info":	"Linux lorenzo-nrg 5.4.232 #2 SMP Thu Feb 23 21:13:11 CST 2023 x86_64",
		"timestamp":	{
			"time":	"Fri, 24 Mar 2023 00:16:32 GMT",
			"timesecs":	1679616992
		},
		"connecting_to":	{
			"host":	"10.120.8.116",
			"port":	5201
		},
		"cookie":	"lorenzo-nrg.1679616991.543928.71dfb2",
		"tcp_mss_default":	1448,
		"test_start":	{
			"protocol":	"TCP",
			"num_streams":	1,
			"blksize":	131072,
			"omit":	0,
			"duration":	2,
			"bytes":	0,
			"blocks":	0,
			"reverse":	0
		}
	},
	"intervals":	[{
			"streams":	[{
					"socket":	5,
					"start":	0,
					"end":	1.000663,
					"seconds":	1.000663,
					"bytes":	2234264,
					"bits_per_second":	17862268.564503,
					"retransmits":	0,
					"snd_cwnd":	247608,
					"rtt":	468607,
					"omitted":	false
				}],
			"sum":	{
				"start":	0,
				"end":	1.000663,
				"seconds":	1.000663,
				"bytes":	2234264,
				"bits_per_second":	17862268.564503,
				"retransmits":	0,
				"omitted":	false
			}
		}, {
			"streams":	[{
					"socket":	5,
					"start":	1.000663,
					"end":	2.001327,
					"seconds":	1.000664,
					"bytes":	202720,
					"bits_per_second":	1620683.872808,
					"retransmits":	0,
					"snd_cwnd":	269328,
					"rtt":	832333,
					"omitted":	false
				}],
			"sum":	{
				"start":	1.000663,
				"end":	2.001327,
				"seconds":	1.000664,
				"bytes":	202720,
				"bits_per_second":	1620683.872808,
				"retransmits":	0,
				"omitted":	false
			}
		}],
	"end":	{
		"streams":	[{
				"sender":	{
					"socket":	5,
					"start":	0,
					"end":	2.001327,
					"seconds":	2.001327,
					"bytes":	2436984,
					"bits_per_second":	9741472.348928,
					"retransmits":	0,
					"max_snd_cwnd":	269328,
					"max_rtt":	832333,
					"min_rtt":	468607,
					"mean_rtt":	650470
				},
				"receiver":	{
					"socket":	5,
					"start":	0,
					"end":	2.001327,
					"seconds":	2.001327,
					"bytes":	521280,
					"bits_per_second":	2083737.400840
				}
			}],
		"sum_sent":	{
			"start":	0,
			"end":	2.001327,
			"seconds":	2.001327,
			"bytes":	2436984,
			"bits_per_second":	9741472.348928,
			"retransmits":	0
		},
		"sum_received":	{
			"start":	0,
			"end":	2.001327,
			"seconds":	2.001327,
			"bytes":	521280,
			"bits_per_second":	2083737.400840
		},
		"cpu_utilization_percent":	{
			"host_total":	0.993317,
			"host_user":	0.349347,
			"host_system":	0.644146,
			"remote_total":	0.303143,
			"remote_user":	0,
			"remote_system":	0.303163
		}
	}
}
