{
	"start":	{
		"connected":	[{
				"socket":	5,
				"local_host":	"100.64.0.2",
				"local_port":	35790,
				"remote_host":	"10.120.8.116",
				"remote_port":	5201
			}],
		"version":	"iperf 3.1.3",
		"system_info":	"Linux lorenzo-nrg 5.4.232 #2 SMP Thu Feb 23 21:13:11 CST 2023 x86_64",
		"timestamp":	{
			"time":	"Fri, 24 Mar 2023 01:19:02 GMT",
			"timesecs":	1679620742
		},
		"connecting_to":	{
			"host":	"10.120.8.116",
			"port":	5201
		},
		"cookie":	"lorenzo-nrg.1679620741.802747.4f3a9b",
		"tcp_mss_default":	1448,
		"test_start":	{
			"protocol":	"TCP",
			"num_streams":	1,
			"blksize":	131072,
			"omit":	0,
			"duration":	86400,
			"bytes":	0,
			"blocks":	0,
			"reverse":	0
		}
	},
	"intervals":	[{
			"streams":	[{
					"socket":	5,
					"start":	0,
					"end":	1.000666,
					"seconds":	1.000666,
					"bytes":	312768,
					"bits_per_second":	2500478.923355,
					"retransmits":	0,
					"snd_cwnd":	68056,
					"rtt":	428243,
					"omitted":	false
				}],
			"sum":	{
				"start":	0,
				"end":	1.000666,
				"seconds":	1.000666,
				"bytes":	312768,
				"bits_per_second":	2500478.923355,
				"retransmits":	0,
				"omitted":	false
			}
		}, {
			"streams":	[{
					"socket":	5,
					"start":	1.000666,
					"end":	2.000318,
					"seconds":	0.999652,
					"bytes":	117288,
					"bits_per_second":	938630.729027,
					"retransmits":	0,
					"snd_cwnd":	75296,
					"rtt":	505956,
					"omitted":	false
				}],
			"sum":	{
				"start":	1.000666,
				"end":	2.000318,
				"seconds":	0.999652,
				"bytes":	117288,
				"bits_per_second":	938630.729027,
				"retransmits":	0,
				"omitted":	false
			}
		}, {
			"streams":	[{
					"socket":	5,
					"start":	2.000318,
					"end":	3.000462,
					"seconds":	1.000144,
					"bytes":	181000,
					"bits_per_second":	1447791.511041,
					"retransmits":	0,
					"snd_cwnd":	85432,
					"rtt":	593026,
					"omitted":	false
				}],
			"sum":	{
				"start":	2.000318,
				"end":	3.000462,
				"seconds":	1.000144,
				"bytes":	181000,
				"bits_per_second":	1447791.511041,
				"retransmits":	0,
				"omitted":	false
			}
		}, {
			"streams":	[{
					"socket":	5,
					"start":	3.000462,
					"end":	4.000363,
					"seconds":	0.999901,
					"bytes":	173760,
					"bits_per_second":	1390217.553283,
					"retransmits":	0,
					"snd_cwnd":	97016,
					"rtt":	642760,
					"omitted":	false
				}],
			"sum":	{
				"start":	3.000462,
				"end":	4.000363,
				"seconds":	0.999901,
				"bytes":	173760,
				"bits_per_second":	1390217.553283,
				"retransmits":	0,
				"omitted":	false
			}
		}, {
			"streams":	[{
					"socket":	5,
					"start":	4.000363,
					"end":	5.001211,
					"seconds":	1.000848,
					"bytes":	108600,
					"bits_per_second":	868063.834224,
					"retransmits":	0,
					"snd_cwnd":	107152,
					"rtt":	585427,
					"omitted":	false
				}],
			"sum":	{
				"start":	4.000363,
				"end":	5.001211,
				"seconds":	1.000848,
				"bytes":	108600,
				"bits_per_second":	868063.834224,
				"retransmits":	0,
				"omitted":	false
			}
		}, {
			"streams":	[{
					"socket":	5,
					"start":	5.001211,
					"end":	5.641314,
					"seconds":	0.640103,
					"bytes":	0,
					"bits_per_second":	0,
					"retransmits":	0,
					"snd_cwnd":	120184,
					"rtt":	686703,
					"omitted":	false
				}],
			"sum":	{
				"start":	5.001211,
				"end":	5.641314,
				"seconds":	0.640103,
				"bytes":	0,
				"bits_per_second":	0,
				"retransmits":	0,
				"omitted":	false
			}
		}],
	"end":	{
		"streams":	[{
				"sender":	{
					"socket":	5,
					"start":	0,
					"end":	5.641314,
					"seconds":	5.641314,
					"bytes":	893416,
					"bits_per_second":	1266961.555832,
					"retransmits":	0,
					"max_snd_cwnd":	120184,
					"max_rtt":	686703,
					"min_rtt":	428243,
					"mean_rtt":	573685
				},
				"receiver":	{
					"socket":	5,
					"start":	0,
					"end":	5.641314,
					"seconds":	5.641314,
					"bytes":	0,
					"bits_per_second":	0
				}
			}],
		"sum_sent":	{
			"start":	0,
			"end":	5.641314,
			"seconds":	5.641314,
			"bytes":	893416,
			"bits_per_second":	1266961.555832,
			"retransmits":	0
		},
		"sum_received":	{
			"start":	0,
			"end":	5.641314,
			"seconds":	5.641314,
			"bytes":	0,
			"bits_per_second":	0
		},
		"cpu_utilization_percent":	{
			"host_total":	0.366552,
			"host_user":	0.065222,
			"host_system":	0.301313,
			"remote_total":	0,
			"remote_user":	0,
			"remote_system":	0
		}
	},
	"error":	"interrupt - the client has terminated"
}
