{
	"start":	{
		"connected":	[{
				"socket":	5,
				"local_host":	"100.64.0.2",
				"local_port":	50536,
				"remote_host":	"10.120.8.116",
				"remote_port":	5201
			}],
		"version":	"iperf 3.1.3",
		"system_info":	"Linux lorenzo-nrg 5.4.232 #2 SMP Thu Feb 23 21:13:11 CST 2023 x86_64",
		"timestamp":	{
			"time":	"Fri, 24 Mar 2023 01:45:51 GMT",
			"timesecs":	1679622351
		},
		"connecting_to":	{
			"host":	"10.120.8.116",
			"port":	5201
		},
		"cookie":	"lorenzo-nrg.1679622350.700452.058aa2",
		"tcp_mss_default":	1448,
		"test_start":	{
			"protocol":	"TCP",
			"num_streams":	1,
			"blksize":	131072,
			"omit":	0,
			"duration":	86400,
			"bytes":	0,
			"blocks":	0,
			"reverse":	0
		}
	},
	"intervals":	[{
			"streams":	[{
					"socket":	5,
					"start":	0,
					"end":	1.000620,
					"seconds":	1.000620,
					"bytes":	269328,
					"bits_per_second":	2153289.201205,
					"retransmits":	0,
					"snd_cwnd":	55024,
					"rtt":	300341,
					"omitted":	false
				}],
			"sum":	{
				"start":	0,
				"end":	1.000620,
				"seconds":	1.000620,
				"bytes":	269328,
				"bits_per_second":	2153289.201205,
				"retransmits":	0,
				"omitted":	false
			}
		}, {
			"streams":	[{
					"socket":	5,
					"start":	1.000620,
					"end":	2.000154,
					"seconds":	0.999534,
					"bytes":	241816,
					"bits_per_second":	1935429.658428,
					"retransmits":	0,
					"snd_cwnd":	70952,
					"rtt":	392170,
					"omitted":	false
				}],
			"sum":	{
				"start":	1.000620,
				"end":	2.000154,
				"seconds":	0.999534,
				"bytes":	241816,
				"bits_per_second":	1935429.658428,
				"retransmits":	0,
				"omitted":	false
			}
		}, {
			"streams":	[{
					"socket":	5,
					"start":	2.000154,
					"end":	3.001246,
					"seconds":	1.001092,
					"bytes":	102808,
					"bits_per_second":	821566.884214,
					"retransmits":	0,
					"snd_cwnd":	75296,
					"rtt":	440203,
					"omitted":	false
				}],
			"sum":	{
				"start":	2.000154,
				"end":	3.001246,
				"seconds":	1.001092,
				"bytes":	102808,
				"bits_per_second":	821566.884214,
				"retransmits":	0,
				"omitted":	false
			}
		}, {
			"streams":	[{
					"socket":	5,
					"start":	3.001246,
					"end":	3.023621,
					"seconds":	0.022375,
					"bytes":	0,
					"bits_per_second":	0,
					"retransmits":	0,
					"snd_cwnd":	75296,
					"rtt":	528864,
					"omitted":	false
				}],
			"sum":	{
				"start":	3.001246,
				"end":	3.023621,
				"seconds":	0.022375,
				"bytes":	0,
				"bits_per_second":	0,
				"retransmits":	0,
				"omitted":	false
			}
		}],
	"end":	{
		"streams":	[{
				"sender":	{
					"socket":	5,
					"start":	0,
					"end":	3.023621,
					"seconds":	3.023621,
					"bytes":	613952,
					"bits_per_second":	1624415.313160,
					"retransmits":	0,
					"max_snd_cwnd":	75296,
					"max_rtt":	528864,
					"min_rtt":	300341,
					"mean_rtt":	415394
				},
				"receiver":	{
					"socket":	5,
					"start":	0,
					"end":	3.023621,
					"seconds":	3.023621,
					"bytes":	0,
					"bits_per_second":	0
				}
			}],
		"sum_sent":	{
			"start":	0,
			"end":	3.023621,
			"seconds":	3.023621,
			"bytes":	613952,
			"bits_per_second":	1624415.313160,
			"retransmits":	0
		},
		"sum_received":	{
			"start":	0,
			"end":	3.023621,
			"seconds":	3.023621,
			"bytes":	0,
			"bits_per_second":	0
		},
		"cpu_utilization_percent":	{
			"host_total":	1.030500,
			"host_user":	0.257086,
			"host_system":	0.773189,
			"remote_total":	0,
			"remote_user":	0,
			"remote_system":	0
		}
	},
	"error":	"interrupt - the client has terminated"
}
