{
	"start":	{
		"connected":	[{
				"socket":	5,
				"local_host":	"100.64.0.2",
				"local_port":	60406,
				"remote_host":	"10.120.8.116",
				"remote_port":	5201
			}],
		"version":	"iperf 3.1.3",
		"system_info":	"Linux lorenzo-nrg 5.4.232 #2 SMP Thu Feb 23 21:13:11 CST 2023 x86_64",
		"timestamp":	{
			"time":	"Fri, 24 Mar 2023 01:38:09 GMT",
			"timesecs":	1679621889
		},
		"connecting_to":	{
			"host":	"10.120.8.116",
			"port":	5201
		},
		"cookie":	"lorenzo-nrg.1679621889.020589.0371f8",
		"tcp_mss_default":	1448,
		"test_start":	{
			"protocol":	"TCP",
			"num_streams":	1,
			"blksize":	131072,
			"omit":	0,
			"duration":	86400,
			"bytes":	0,
			"blocks":	0,
			"reverse":	0
		}
	},
	"intervals":	[{
			"streams":	[{
					"socket":	5,
					"start":	0,
					"end":	1.000663,
					"seconds":	1.000663,
					"bytes":	317112,
					"bits_per_second":	2535215.649814,
					"retransmits":	0,
					"snd_cwnd":	72400,
					"rtt":	427178,
					"omitted":	false
				}],
			"sum":	{
				"start":	0,
				"end":	1.000663,
				"seconds":	1.000663,
				"bytes":	317112,
				"bits_per_second":	2535215.649814,
				"retransmits":	0,
				"omitted":	false
			}
		}, {
			"streams":	[{
					"socket":	5,
					"start":	1.000663,
					"end":	2.000882,
					"seconds":	1.000219,
					"bytes":	587888,
					"bits_per_second":	4702073.744260,
					"retransmits":	0,
					"snd_cwnd":	75296,
					"rtt":	535538,
					"omitted":	false
				}],
			"sum":	{
				"start":	1.000663,
				"end":	2.000882,
				"seconds":	1.000219,
				"bytes":	587888,
				"bits_per_second":	4702073.744260,
				"retransmits":	0,
				"omitted":	false
			}
		}, {
			"streams":	[{
					"socket":	5,
					"start":	2.000882,
					"end":	3.001111,
					"seconds":	1.000229,
					"bytes":	130320,
					"bits_per_second":	1042321.431557,
					"retransmits":	0,
					"snd_cwnd":	76744,
					"rtt":	585988,
					"omitted":	false
				}],
			"sum":	{
				"start":	2.000882,
				"end":	3.001111,
				"seconds":	1.000229,
				"bytes":	130320,
				"bits_per_second":	1042321.431557,
				"retransmits":	0,
				"omitted":	false
			}
		}, {
			"streams":	[{
					"socket":	5,
					"start":	3.001111,
					"end":	4.001270,
					"seconds":	1.000159,
					"bytes":	130320,
					"bits_per_second":	1042394.233057,
					"retransmits":	0,
					"snd_cwnd":	86880,
					"rtt":	575253,
					"omitted":	false
				}],
			"sum":	{
				"start":	3.001111,
				"end":	4.001270,
				"seconds":	1.000159,
				"bytes":	130320,
				"bits_per_second":	1042394.233057,
				"retransmits":	0,
				"omitted":	false
			}
		}, {
			"streams":	[{
					"socket":	5,
					"start":	4.001270,
					"end":	5.001243,
					"seconds":	0.999973,
					"bytes":	195480,
					"bits_per_second":	1563882.133017,
					"retransmits":	0,
					"snd_cwnd":	34752,
					"rtt":	505791,
					"omitted":	false
				}],
			"sum":	{
				"start":	4.001270,
				"end":	5.001243,
				"seconds":	0.999973,
				"bytes":	195480,
				"bits_per_second":	1563882.133017,
				"retransmits":	0,
				"omitted":	false
			}
		}, {
			"streams":	[{
					"socket":	5,
					"start":	5.001243,
					"end":	5.635248,
					"seconds":	0.634005,
					"bytes":	0,
					"bits_per_second":	0,
					"retransmits":	0,
					"snd_cwnd":	40544,
					"rtt":	137289,
					"omitted":	false
				}],
			"sum":	{
				"start":	5.001243,
				"end":	5.635248,
				"seconds":	0.634005,
				"bytes":	0,
				"bits_per_second":	0,
				"retransmits":	0,
				"omitted":	false
			}
		}],
	"end":	{
		"streams":	[{
				"sender":	{
					"socket":	5,
					"start":	0,
					"end":	5.635248,
					"seconds":	5.635248,
					"bytes":	1361120,
					"bits_per_second":	1932294.746346,
					"retransmits":	0,
					"max_snd_cwnd":	86880,
					"max_rtt":	585988,
					"min_rtt":	137289,
					"mean_rtt":	461172
				},
				"receiver":	{
					"socket":	5,
					"start":	0,
					"end":	5.635248,
					"seconds":	5.635248,
					"bytes":	0,
					"bits_per_second":	0
				}
			}],
		"sum_sent":	{
			"start":	0,
			"end":	5.635248,
			"seconds":	5.635248,
			"bytes":	1361120,
			"bits_per_second":	1932294.746346,
			"retransmits":	0
		},
		"sum_received":	{
			"start":	0,
			"end":	5.635248,
			"seconds":	5.635248,
			"bytes":	0,
			"bits_per_second":	0
		},
		"cpu_utilization_percent":	{
			"host_total":	0.368922,
			"host_user":	0.133216,
			"host_system":	0.235722,
			"remote_total":	0,
			"remote_user":	0,
			"remote_system":	0
		}
	},
	"error":	"interrupt - the client has terminated"
}
