{
	"start":	{
		"connected":	[{
				"socket":	5,
				"local_host":	"100.64.0.2",
				"local_port":	35630,
				"remote_host":	"10.120.8.116",
				"remote_port":	5201
			}],
		"version":	"iperf 3.1.3",
		"system_info":	"Linux lorenzo-nrg 5.4.232 #2 SMP Thu Feb 23 21:13:11 CST 2023 x86_64",
		"timestamp":	{
			"time":	"Fri, 24 Mar 2023 01:42:09 GMT",
			"timesecs":	1679622129
		},
		"connecting_to":	{
			"host":	"10.120.8.116",
			"port":	5201
		},
		"cookie":	"lorenzo-nrg.1679622129.025719.567a40",
		"tcp_mss_default":	1448,
		"test_start":	{
			"protocol":	"TCP",
			"num_streams":	1,
			"blksize":	131072,
			"omit":	0,
			"duration":	5,
			"bytes":	0,
			"blocks":	0,
			"reverse":	0
		}
	},
	"intervals":	[{
			"streams":	[{
					"socket":	5,
					"start":	0,
					"end":	1.000508,
					"seconds":	1.000508,
					"bytes":	629880,
					"bits_per_second":	5036481.115080,
					"retransmits":	0,
					"snd_cwnd":	196928,
					"rtt":	463654,
					"omitted":	false
				}],
			"sum":	{
				"start":	0,
				"end":	1.000508,
				"seconds":	1.000508,
				"bytes":	629880,
				"bits_per_second":	5036481.115080,
				"retransmits":	0,
				"omitted":	false
			}
		}, {
			"streams":	[{
					"socket":	5,
					"start":	1.000508,
					"end":	2.000432,
					"seconds":	0.999924,
					"bytes":	81088,
					"bits_per_second":	648753.341277,
					"retransmits":	0,
					"snd_cwnd":	201272,
					"rtt":	730718,
					"omitted":	false
				}],
			"sum":	{
				"start":	1.000508,
				"end":	2.000432,
				"seconds":	0.999924,
				"bytes":	81088,
				"bits_per_second":	648753.341277,
				"retransmits":	0,
				"omitted":	false
			}
		}, {
			"streams":	[{
					"socket":	5,
					"start":	2.000432,
					"end":	3.000165,
					"seconds":	0.999733,
					"bytes":	1368360,
					"bits_per_second":	10949803.913093,
					"retransmits":	0,
					"snd_cwnd":	209960,
					"rtt":	1359577,
					"omitted":	false
				}],
			"sum":	{
				"start":	2.000432,
				"end":	3.000165,
				"seconds":	0.999733,
				"bytes":	1368360,
				"bits_per_second":	10949803.913093,
				"retransmits":	0,
				"omitted":	false
			}
		}, {
			"streams":	[{
					"socket":	5,
					"start":	3.000165,
					"end":	4.000510,
					"seconds":	1.000345,
					"bytes":	195480,
					"bits_per_second":	1563300.674268,
					"retransmits":	0,
					"snd_cwnd":	218648,
					"rtt":	1497425,
					"omitted":	false
				}],
			"sum":	{
				"start":	3.000165,
				"end":	4.000510,
				"seconds":	1.000345,
				"bytes":	195480,
				"bits_per_second":	1563300.674268,
				"retransmits":	0,
				"omitted":	false
			}
		}, {
			"streams":	[{
					"socket":	5,
					"start":	4.000510,
					"end":	5.001053,
					"seconds":	1.000543,
					"bytes":	65160,
					"bits_per_second":	520997.037379,
					"retransmits":	0,
					"snd_cwnd":	230232,
					"rtt":	1520493,
					"omitted":	false
				}],
			"sum":	{
				"start":	4.000510,
				"end":	5.001053,
				"seconds":	1.000543,
				"bytes":	65160,
				"bits_per_second":	520997.037379,
				"retransmits":	0,
				"omitted":	false
			}
		}],
	"end":	{
		"streams":	[{
				"sender":	{
					"socket":	5,
					"start":	0,
					"end":	5.001053,
					"seconds":	5.001053,
					"bytes":	2339968,
					"bits_per_second":	3743160.419398,
					"retransmits":	0,
					"max_snd_cwnd":	230232,
					"max_rtt":	1520493,
					"min_rtt":	463654,
					"mean_rtt":	1114373
				},
				"receiver":	{
					"socket":	5,
					"start":	0,
					"end":	5.001053,
					"seconds":	5.001053,
					"bytes":	881832,
					"bits_per_second":	1410634.093696
				}
			}],
		"sum_sent":	{
			"start":	0,
			"end":	5.001053,
			"seconds":	5.001053,
			"bytes":	2339968,
			"bits_per_second":	3743160.419398,
			"retransmits":	0
		},
		"sum_received":	{
			"start":	0,
			"end":	5.001053,
			"seconds":	5.001053,
			"bytes":	881832,
			"bits_per_second":	1410634.093696
		},
		"cpu_utilization_percent":	{
			"host_total":	0.430523,
			"host_user":	0.039303,
			"host_system":	0.391183,
			"remote_total":	0.530605,
			"remote_user":	0.100562,
			"remote_system":	0.430042
		}
	}
}
