{
	"start":	{
		"connected":	[{
				"socket":	5,
				"local_host":	"10.120.8.116",
				"local_port":	35996,
				"remote_host":	"10.120.8.116",
				"remote_port":	5201
			}],
		"version":	"iperf 3.1.3",
		"system_info":	"Linux lorenzo-nrg 5.4.232 #2 SMP Thu Feb 23 21:13:11 CST 2023 x86_64",
		"timestamp":	{
			"time":	"Thu, 30 Mar 2023 20:37:15 GMT",
			"timesecs":	1680208635
		},
		"connecting_to":	{
			"host":	"10.120.8.116",
			"port":	5201
		},
		"cookie":	"lorenzo-nrg.1680208635.435865.77cf82",
		"tcp_mss_default":	32768,
		"test_start":	{
			"protocol":	"TCP",
			"num_streams":	1,
			"blksize":	131072,
			"omit":	0,
			"duration":	60,
			"bytes":	0,
			"blocks":	0,
			"reverse":	0
		}
	},
	"intervals":	[{
			"streams":	[{
					"socket":	5,
					"start":	0,
					"end":	1.000183,
					"seconds":	1.000183,
					"bytes":	6190530560,
					"bits_per_second":	4.951519e+10,
					"retransmits":	0,
					"snd_cwnd":	1768041,
					"rtt":	31,
					"omitted":	false
				}],
			"sum":	{
				"start":	0,
				"end":	1.000183,
				"seconds":	1.000183,
				"bytes":	6190530560,
				"bits_per_second":	4.951519e+10,
				"retransmits":	0,
				"omitted":	false
			}
		}, {
			"streams":	[{
					"socket":	5,
					"start":	1.000183,
					"end":	2.000126,
					"seconds":	0.999943,
					"bytes":	6203637760,
					"bits_per_second":	4.963193e+10,
					"retransmits":	0,
					"snd_cwnd":	1768041,
					"rtt":	32,
					"omitted":	false
				}],
			"sum":	{
				"start":	1.000183,
				"end":	2.000126,
				"seconds":	0.999943,
				"bytes":	6203637760,
				"bits_per_second":	4.963193e+10,
				"retransmits":	0,
				"omitted":	false
			}
		}, {
			"streams":	[{
					"socket":	5,
					"start":	2.000126,
					"end":	3.000114,
					"seconds":	0.999988,
					"bytes":	6165626880,
					"bits_per_second":	4.932560e+10,
					"retransmits":	0,
					"snd_cwnd":	1768041,
					"rtt":	30,
					"omitted":	false
				}],
			"sum":	{
				"start":	2.000126,
				"end":	3.000114,
				"seconds":	0.999988,
				"bytes":	6165626880,
				"bits_per_second":	4.932560e+10,
				"retransmits":	0,
				"omitted":	false
			}
		}, {
			"streams":	[{
					"socket":	5,
					"start":	3.000114,
					"end":	4.000049,
					"seconds":	0.999935,
					"bytes":	6038487040,
					"bits_per_second":	4.831104e+10,
					"retransmits":	0,
					"snd_cwnd":	1768041,
					"rtt":	26,
					"omitted":	false
				}],
			"sum":	{
				"start":	3.000114,
				"end":	4.000049,
				"seconds":	0.999935,
				"bytes":	6038487040,
				"bits_per_second":	4.831104e+10,
				"retransmits":	0,
				"omitted":	false
			}
		}, {
			"streams":	[{
					"socket":	5,
					"start":	4.000049,
					"end":	5.000035,
					"seconds":	0.999986,
					"bytes":	6063390720,
					"bits_per_second":	4.850780e+10,
					"retransmits":	0,
					"snd_cwnd":	1768041,
					"rtt":	20,
					"omitted":	false
				}],
			"sum":	{
				"start":	4.000049,
				"end":	5.000035,
				"seconds":	0.999986,
				"bytes":	6063390720,
				"bits_per_second":	4.850780e+10,
				"retransmits":	0,
				"omitted":	false
			}
		}, {
			"streams":	[{
					"socket":	5,
					"start":	5.000035,
					"end":	6.000239,
					"seconds":	1.000204,
					"bytes":	6151208960,
					"bits_per_second":	4.919964e+10,
					"retransmits":	0,
					"snd_cwnd":	1768041,
					"rtt":	35,
					"omitted":	false
				}],
			"sum":	{
				"start":	5.000035,
				"end":	6.000239,
				"seconds":	1.000204,
				"bytes":	6151208960,
				"bits_per_second":	4.919964e+10,
				"retransmits":	0,
				"omitted":	false
			}
		}, {
			"streams":	[{
					"socket":	5,
					"start":	6.000239,
					"end":	7.000224,
					"seconds":	0.999985,
					"bytes":	6163005440,
					"bits_per_second":	4.930478e+10,
					"retransmits":	0,
					"snd_cwnd":	1768041,
					"rtt":	27,
					"omitted":	false
				}],
			"sum":	{
				"start":	6.000239,
				"end":	7.000224,
				"seconds":	0.999985,
				"bytes":	6163005440,
				"bits_per_second":	4.930478e+10,
				"retransmits":	0,
				"omitted":	false
			}
		}, {
			"streams":	[{
					"socket":	5,
					"start":	7.000224,
					"end":	8.000017,
					"seconds":	0.999793,
					"bytes":	6081740800,
					"bits_per_second":	4.866400e+10,
					"retransmits":	0,
					"snd_cwnd":	1833524,
					"rtt":	27,
					"omitted":	false
				}],
			"sum":	{
				"start":	7.000224,
				"end":	8.000017,
				"seconds":	0.999793,
				"bytes":	6081740800,
				"bits_per_second":	4.866400e+10,
				"retransmits":	0,
				"omitted":	false
			}
		}, {
			"streams":	[{
					"socket":	5,
					"start":	8.000017,
					"end":	9.000011,
					"seconds":	0.999994,
					"bytes":	6152519680,
					"bits_per_second":	4.922045e+10,
					"retransmits":	0,
					"snd_cwnd":	1833524,
					"rtt":	20,
					"omitted":	false
				}],
			"sum":	{
				"start":	8.000017,
				"end":	9.000011,
				"seconds":	0.999994,
				"bytes":	6152519680,
				"bits_per_second":	4.922045e+10,
				"retransmits":	0,
				"omitted":	false
			}
		}, {
			"streams":	[{
					"socket":	5,
					"start":	9.000011,
					"end":	10.000012,
					"seconds":	1.000001,
					"bytes":	6072565760,
					"bits_per_second":	4.858048e+10,
					"retransmits":	0,
					"snd_cwnd":	1833524,
					"rtt":	29,
					"omitted":	false
				}],
			"sum":	{
				"start":	9.000011,
				"end":	10.000012,
				"seconds":	1.000001,
				"bytes":	6072565760,
				"bits_per_second":	4.858048e+10,
				"retransmits":	0,
				"omitted":	false
			}
		}, {
			"streams":	[{
					"socket":	5,
					"start":	10.000012,
					"end":	11.000003,
					"seconds":	0.999991,
					"bytes":	6216744960,
					"bits_per_second":	4.973441e+10,
					"retransmits":	0,
					"snd_cwnd":	1833524,
					"rtt":	25,
					"omitted":	false
				}],
			"sum":	{
				"start":	10.000012,
				"end":	11.000003,
				"seconds":	0.999991,
				"bytes":	6216744960,
				"bits_per_second":	4.973441e+10,
				"retransmits":	0,
				"omitted":	false
			}
		}, {
			"streams":	[{
					"socket":	5,
					"start":	11.000003,
					"end":	12.000102,
					"seconds":	1.000099,
					"bytes":	6239027200,
					"bits_per_second":	4.990727e+10,
					"retransmits":	0,
					"snd_cwnd":	1833524,
					"rtt":	31,
					"omitted":	false
				}],
			"sum":	{
				"start":	11.000003,
				"end":	12.000102,
				"seconds":	1.000099,
				"bytes":	6239027200,
				"bits_per_second":	4.990727e+10,
				"retransmits":	0,
				"omitted":	false
			}
		}, {
			"streams":	[{
					"socket":	5,
					"start":	12.000102,
					"end":	13.000102,
					"seconds":	1,
					"bytes":	6168248320,
					"bits_per_second":	49345986560,
					"retransmits":	0,
					"snd_cwnd":	1833524,
					"rtt":	29,
					"omitted":	false
				}],
			"sum":	{
				"start":	12.000102,
				"end":	13.000102,
				"seconds":	1,
				"bytes":	6168248320,
				"bits_per_second":	49345986560,
				"retransmits":	0,
				"omitted":	false
			}
		}, {
			"streams":	[{
					"socket":	5,
					"start":	13.000102,
					"end":	14.000247,
					"seconds":	1.000145,
					"bytes":	5932318720,
					"bits_per_second":	4.745167e+10,
					"retransmits":	0,
					"snd_cwnd":	1833524,
					"rtt":	27,
					"omitted":	false
				}],
			"sum":	{
				"start":	13.000102,
				"end":	14.000247,
				"seconds":	1.000145,
				"bytes":	5932318720,
				"bits_per_second":	4.745167e+10,
				"retransmits":	0,
				"omitted":	false
			}
		}, {
			"streams":	[{
					"socket":	5,
					"start":	14.000247,
					"end":	15.000047,
					"seconds":	0.999800,
					"bytes":	5934940160,
					"bits_per_second":	4.748902e+10,
					"retransmits":	0,
					"snd_cwnd":	1833524,
					"rtt":	24,
					"omitted":	false
				}],
			"sum":	{
				"start":	14.000247,
				"end":	15.000047,
				"seconds":	0.999800,
				"bytes":	5934940160,
				"bits_per_second":	4.748902e+10,
				"retransmits":	0,
				"omitted":	false
			}
		}, {
			"streams":	[{
					"socket":	5,
					"start":	15.000047,
					"end":	16.000228,
					"seconds":	1.000181,
					"bytes":	6105333760,
					"bits_per_second":	4.883383e+10,
					"retransmits":	0,
					"snd_cwnd":	1833524,
					"rtt":	30,
					"omitted":	false
				}],
			"sum":	{
				"start":	15.000047,
				"end":	16.000228,