{
	"start":	{
		"connected":	[{
				"socket":	5,
				"local_host":	"100.64.0.2",
				"local_port":	55426,
				"remote_host":	"10.120.8.116",
				"remote_port":	5201
			}],
		"version":	"iperf 3.1.3",
		"system_info":	"Linux lorenzo-nrg 5.4.232 #2 SMP Thu Feb 23 21:13:11 CST 2023 x86_64",
		"timestamp":	{
			"time":	"Fri, 24 Mar 2023 01:35:23 GMT",
			"timesecs":	1679621723
		},
		"connecting_to":	{
			"host":	"10.120.8.116",
			"port":	5201
		},
		"cookie":	"lorenzo-nrg.1679621722.911457.49cd03",
		"tcp_mss_default":	1448,
		"test_start":	{
			"protocol":	"TCP",
			"num_streams":	1,
			"blksize":	131072,
			"omit":	0,
			"duration":	86400,
			"bytes":	0,
			"blocks":	0,
			"reverse":	0
		}
	},
	"intervals":	[{
			"streams":	[{
					"socket":	5,
					"start":	0,
					"end":	1.000230,
					"seconds":	1.000230,
					"bytes":	464808,
					"bits_per_second":	3717609.561310,
					"retransmits":	0,
					"snd_cwnd":	36200,
					"rtt":	199182,
					"omitted":	false
				}],
			"sum":	{
				"start":	0,
				"end":	1.000230,
				"seconds":	1.000230,
				"bytes":	464808,
				"bits_per_second":	3717609.561310,
				"retransmits":	0,
				"omitted":	false
			}
		}, {
			"streams":	[{
					"socket":	5,
					"start":	1.000230,
					"end":	2.000275,
					"seconds":	1.000045,
					"bytes":	140456,
					"bits_per_second":	1123597.369454,
					"retransmits":	0,
					"snd_cwnd":	37648,
					"rtt":	162602,
					"omitted":	false
				}],
			"sum":	{
				"start":	1.000230,
				"end":	2.000275,
				"seconds":	1.000045,
				"bytes":	140456,
				"bits_per_second":	1123597.369454,
				"retransmits":	0,
				"omitted":	false
			}
		}, {
			"streams":	[{
					"socket":	5,
					"start":	2.000275,
					"end":	3.001222,
					"seconds":	1.000947,
					"bytes":	130320,
					"bits_per_second":	1041573.631233,
					"retransmits":	0,
					"snd_cwnd":	40544,
					"rtt":	276606,
					"omitted":	false
				}],
			"sum":	{
				"start":	2.000275,
				"end":	3.001222,
				"seconds":	1.000947,
				"bytes":	130320,
				"bits_per_second":	1041573.631233,
				"retransmits":	0,
				"omitted":	false
			}
		}, {
			"streams":	[{
					"socket":	5,
					"start":	3.001222,
					"end":	4.000157,
					"seconds":	0.998935,
					"bytes":	130320,
					"bits_per_second":	1043671.526658,
					"retransmits":	0,
					"snd_cwnd":	37648,
					"rtt":	309526,
					"omitted":	false
				}],
			"sum":	{
				"start":	3.001222,
				"end":	4.000157,
				"seconds":	0.998935,
				"bytes":	130320,
				"bits_per_second":	1043671.526658,
				"retransmits":	0,
				"omitted":	false
			}
		}, {
			"streams":	[{
					"socket":	5,
					"start":	4.000157,
					"end":	5.001230,
					"seconds":	1.001073,
					"bytes":	130320,
					"bits_per_second":	1041442.405218,
					"retransmits":	0,
					"snd_cwnd":	49232,
					"rtt":	284749,
					"omitted":	false
				}],
			"sum":	{
				"start":	4.000157,
				"end":	5.001230,
				"seconds":	1.001073,
				"bytes":	130320,
				"bits_per_second":	1041442.405218,
				"retransmits":	0,
				"omitted":	false
			}
		}, {
			"streams":	[{
					"socket":	5,
					"start":	5.001230,
					"end":	5.809881,
					"seconds":	0.808651,
					"bytes":	130320,
					"bits_per_second":	1289258.330338,
					"retransmits":	0,
					"snd_cwnd":	40544,
					"rtt":	336436,
					"omitted":	false
				}],
			"sum":	{
				"start":	5.001230,
				"end":	5.809881,
				"seconds":	0.808651,
				"bytes":	130320,
				"bits_per_second":	1289258.330338,
				"retransmits":	0,
				"omitted":	false
			}
		}],
	"end":	{
		"streams":	[{
				"sender":	{
					"socket":	5,
					"start":	0,
					"end":	5.809881,
					"seconds":	5.809881,
					"bytes":	1126544,
					"bits_per_second":	1551211.125250,
					"retransmits":	0,
					"max_snd_cwnd":	49232,
					"max_rtt":	336436,
					"min_rtt":	162602,
					"mean_rtt":	261516
				},
				"receiver":	{
					"socket":	5,
					"start":	0,
					"end":	5.809881,
					"seconds":	5.809881,
					"bytes":	0,
					"bits_per_second":	0
				}
			}],
		"sum_sent":	{
			"start":	0,
			"end":	5.809881,
			"seconds":	5.809881,
			"bytes":	1126544,
			"bits_per_second":	1551211.125250,
			"retransmits":	0
		},
		"sum_received":	{
			"start":	0,
			"end":	5.809881,
			"seconds":	5.809881,
			"bytes":	0,
			"bits_per_second":	0
		},
		"cpu_utilization_percent":	{
			"host_total":	0.381385,
			"host_user":	0.179568,
			"host_system":	0.201800,
			"remote_total":	0,
			"remote_user":	0,
			"remote_system":	0
		}
	},
	"error":	"interrupt - the client has terminated"
}
