{
	"start":	{
		"connected":	[{
				"socket":	5,
				"local_host":	"100.64.0.2",
				"local_port":	33294,
				"remote_host":	"10.120.8.116",
				"remote_port":	5201
			}],
		"version":	"iperf 3.1.3",
		"system_info":	"Linux lorenzo-nrg 5.4.232 #2 SMP Thu Feb 23 21:13:11 CST 2023 x86_64",
		"timestamp":	{
			"time":	"Fri, 24 Mar 2023 00:27:53 GMT",
			"timesecs":	1679617673
		},
		"connecting_to":	{
			"host":	"10.120.8.116",
			"port":	5201
		},
		"cookie":	"lorenzo-nrg.1679617672.611488.0ac3a7",
		"tcp_mss_default":	1448,
		"test_start":	{
			"protocol":	"TCP",
			"num_streams":	1,
			"blksize":	131072,
			"omit":	0,
			"duration":	2,
			"bytes":	0,
			"blocks":	0,
			"reverse":	0
		}
	},
	"intervals":	[{
			"streams":	[{
					"socket":	5,
					"start":	0,
					"end":	1.000127,
					"seconds":	1.000127,
					"bytes":	511144,
					"bits_per_second":	4088632.428437,
					"retransmits":	0,
					"snd_cwnd":	149144,
					"rtt":	200263,
					"omitted":	false
				}],
			"sum":	{
				"start":	0,
				"end":	1.000127,
				"seconds":	1.000127,
				"bytes":	511144,
				"bits_per_second":	4088632.428437,
				"retransmits":	0,
				"omitted":	false
			}
		}, {
			"streams":	[{
					"socket":	5,
					"start":	1.000127,
					"end":	2.000837,
					"seconds":	1.000710,
					"bytes":	2484768,
					"bits_per_second":	19864045.054829,
					"retransmits":	0,
					"snd_cwnd":	373584,
					"rtt":	824113,
					"omitted":	false
				}],
			"sum":	{
				"start":	1.000127,
				"end":	2.000837,
				"seconds":	1.000710,
				"bytes":	2484768,
				"bits_per_second":	19864045.054829,
				"retransmits":	0,
				"omitted":	false
			}
		}],
	"end":	{
		"streams":	[{
				"sender":	{
					"socket":	5,
					"start":	0,
					"end":	2.000837,
					"seconds":	2.000837,
					"bytes":	2995912,
					"bits_per_second":	11978635.844013,
					"retransmits":	0,
					"max_snd_cwnd":	373584,
					"max_rtt":	824113,
					"min_rtt":	200263,
					"mean_rtt":	512188
				},
				"receiver":	{
					"socket":	5,
					"start":	0,
					"end":	2.000837,
					"seconds":	2.000837,
					"bytes":	470600,
					"bits_per_second":	1881612.686952
				}
			}],
		"sum_sent":	{
			"start":	0,
			"end":	2.000837,
			"seconds":	2.000837,
			"bytes":	2995912,
			"bits_per_second":	11978635.844013,
			"retransmits":	0
		},
		"sum_received":	{
			"start":	0,
			"end":	2.000837,
			"seconds":	2.000837,
			"bytes":	470600,
			"bits_per_second":	1881612.686952
		},
		"cpu_utilization_percent":	{
			"host_total":	0.932024,
			"host_user":	0,
			"host_system":	0.931935,
			"remote_total":	0.259935,
			"remote_user":	0,
			"remote_system":	0.259935
		}
	}
}
