{
	"start":	{
		"connected":	[{
				"socket":	5,
				"local_host":	"10.120.8.116",
				"local_port":	43774,
				"remote_host":	"10.120.8.116",
				"remote_port":	5201
			}],
		"version":	"iperf 3.1.3",
		"system_info":	"Linux lorenzo-nrg 5.4.232 #2 SMP Thu Feb 23 21:13:11 CST 2023 x86_64",
		"timestamp":	{
			"time":	"Thu, 30 Mar 2023 20:35:33 GMT",
			"timesecs":	1680208533
		},
		"connecting_to":	{
			"host":	"10.120.8.116",
			"port":	5201
		},
		"cookie":	"lorenzo-nrg.1680208533.518447.69568b",
		"tcp_mss_default":	32768,
		"test_start":	{
			"protocol":	"TCP",
			"num_streams":	1,
			"blksize":	131072,
			"omit":	0,
			"duration":	60,
			"bytes":	0,
			"blocks":	0,
			"reverse":	0
		}
	},
	"intervals":	[{
			"streams":	[{
					"socket":	5,
					"start":	0,
					"end":	1.000213,
					"seconds":	1.000213,
					"bytes":	4852285440,
					"bits_per_second":	3.881001e+10,
					"retransmits":	0,
					"snd_cwnd":	1375143,
					"rtt":	37,
					"omitted":	false
				}],
			"sum":	{
				"start":	0,
				"end":	1.000213,
				"seconds":	1.000213,
				"bytes":	4852285440,
				"bits_per_second":	3.881001e+10,
				"retransmits":	0,
				"omitted":	false
			}
		}, {
			"streams":	[{
					"socket":	5,
					"start":	1.000213,
					"end":	2.000022,
					"seconds":	0.999809,
					"bytes":	4928307200,
					"bits_per_second":	3.943399e+10,
					"retransmits":	0,
					"snd_cwnd":	1375143,
					"rtt":	25,
					"omitted":	false
				}],
			"sum":	{
				"start":	1.000213,
				"end":	2.000022,
				"seconds":	0.999809,
				"bytes":	4928307200,
				"bits_per_second":	3.943399e+10,
				"retransmits":	0,
				"omitted":	false
			}
		}, {
			"streams":	[{
					"socket":	5,
					"start":	2.000022,
					"end":	3.000287,
					"seconds":	1.000265,
					"bytes":	4833935360,
					"bits_per_second":	3.866124e+10,
					"retransmits":	0,
					"snd_cwnd":	1375143,
					"rtt":	32,
					"omitted":	false
				}],
			"sum":	{
				"start":	2.000022,
				"end":	3.000287,
				"seconds":	1.000265,
				"bytes":	4833935360,
				"bits_per_second":	3.866124e+10,
				"retransmits":	0,
				"omitted":	false
			}
		}, {
			"streams":	[{
					"socket":	5,
					"start":	3.000287,
					"end":	4.000194,
					"seconds":	0.999907,
					"bytes":	4506255360,
					"bits_per_second":	3.605340e+10,
					"retransmits":	0,
					"snd_cwnd":	1375143,
					"rtt":	32,
					"omitted":	false
				}],
			"sum":	{
				"start":	3.000287,
				"end":	4.000194,
				"seconds":	0.999907,
				"bytes":	4506255360,
				"bits_per_second":	3.605340e+10,
				"retransmits":	0,
				"omitted":	false
			}
		}, {
			"streams":	[{
					"socket":	5,
					"start":	4.000194,
					"end":	5.000088,
					"seconds":	0.999894,
					"bytes":	4723834880,
					"bits_per_second":	3.779469e+10,
					"retransmits":	0,
					"snd_cwnd":	1375143,
					"rtt":	30,
					"omitted":	false
				}],
			"sum":	{
				"start":	4.000194,
				"end":	5.000088,
				"seconds":	0.999894,
				"bytes":	4723834880,
				"bits_per_second":	3.779469e+10,
				"retransmits":	0,
				"omitted":	false
			}
		}, {
			"streams":	[{
					"socket":	5,
					"start":	5.000088,
					"end":	6.000438,
					"seconds":	1.000350,
					"bytes":	4516741120,
					"bits_per_second":	3.612129e+10,
					"retransmits":	0,
					"snd_cwnd":	1375143,
					"rtt":	44,
					"omitted":	false
				}],
			"sum":	{
				"start":	5.000088,
				"end":	6.000438,
				"seconds":	1.000350,
				"bytes":	4516741120,
				"bits_per_second":	3.612129e+10,
				"retransmits":	0,
				"omitted":	false
			}
		}, {
			"streams":	[{
					"socket":	5,
					"start":	6.000438,
					"end":	7.000306,
					"seconds":	0.999868,
					"bytes":	4760535040,
					"bits_per_second":	3.808930e+10,
					"retransmits":	0,
					"snd_cwnd":	1375143,
					"rtt":	34,
					"omitted":	false
				}],
			"sum":	{
				"start":	6.000438,
				"end":	7.000306,
				"seconds":	0.999868,
				"bytes":	4760535040,
				"bits_per_second":	3.808930e+10,
				"retransmits":	0,
				"omitted":	false
			}
		}, {
			"streams":	[{
					"socket":	5,
					"start":	7.000306,
					"end":	8.000093,
					"seconds":	0.999787,
					"bytes":	4694999040,
					"bits_per_second":	3.756800e+10,
					"retransmits":	0,
					"snd_cwnd":	1375143,
					"rtt":	31,
					"omitted":	false
				}],
			"sum":	{
				"start":	7.000306,
				"end":	8.000093,
				"seconds":	0.999787,
				"bytes":	4694999040,
				"bits_per_second":	3.756800e+10,
				"retransmits":	0,
				"omitted":	false
			}
		}, {
			"streams":	[{
					"socket":	5,
					"start":	8.000093,
					"end":	9.000456,
					"seconds":	1.000363,
					"bytes":	4718592000,
					"bits_per_second":	3.773503e+10,
					"retransmits":	0,
					"snd_cwnd":	1375143,
					"rtt":	47,
					"omitted":	false
				}],
			"sum":	{
				"start":	8.000093,
				"end":	9.000456,
				"seconds":	1.000363,
				"bytes":	4718592000,
				"bits_per_second":	3.773503e+10,
				"retransmits":	0,
				"omitted":	false
			}
		}, {
			"streams":	[{
					"socket":	5,
					"start":	9.000456,
					"end":	10.000525,
					"seconds":	1.000069,
					"bytes":	4760535040,
					"bits_per_second":	3.808166e+10,
					"retransmits":	0,
					"snd_cwnd":	1375143,
					"rtt":	49,
					"omitted":	false
				}],
			"sum":	{
				"start":	9.000456,
				"end":	10.000525,
				"seconds":	1.000069,
				"bytes":	4760535040,
				"bits_per_second":	3.808166e+10,
				"retransmits":	0,
				"omitted":	false
			}
		}, {
			"streams":	[{
					"socket":	5,
					"start":	10.000525,
					"end":	11.000241,
					"seconds":	0.999716,
					"bytes":	4801167360,
					"bits_per_second":	3.842025e+10,
					"retransmits":	0,
					"snd_cwnd":	1375143,
					"rtt":	33,
					"omitted":	false
				}],
			"sum":	{
				"start":	10.000525,
				"end":	11.000241,
				"seconds":	0.999716,
				"bytes":	4801167360,
				"bits_per_second":	3.842025e+10,
				"retransmits":	0,
				"omitted":	false
			}
		}, {
			"streams":	[{
					"socket":	5,
					"start":	11.000241,
					"end":	12.000543,
					"seconds":	1.000302,
					"bytes":	4577034240,
					"bits_per_second":	3.660522e+10,
					"retransmits":	0,
					"snd_cwnd":	1375143,
					"rtt":	55,
					"omitted":	false
				}],
			"sum":	{
				"start":	11.000241,
				"end":	12.000543,
				"seconds":	1.000302,
				"bytes":	4577034240,
				"bits_per_second":	3.660522e+10,
				"retransmits":	0,
				"omitted":	false
			}
		}, {
			"streams":	[{
					"socket":	5,
					"start":	12.000543,
					"end":	13.000327,
					"seconds":	0.999784,
					"bytes":	4875878400,
					"bits_per_second":	3.901545e+10,
					"retransmits":	0,
					"snd_cwnd":	1375143,
					"rtt":	31,
					"omitted":	false
				}],
			"sum":	{
				"start":	12.000543,
				"end":	13.000327,
				"seconds":	0.999784,
				"bytes":	4875878400,
				"bits_per_second":	3.901545e+10,
				"retransmits":	0,
				"omitted":	false
			}
		}, {
			"streams":	[{
					"socket":	5,
					"start":	13.000327,
					"end":	14.000236,
					"seconds":	0.999909,
					"bytes":	5086904320,
					"bits_per_second":	4.069894e+10,
					"retransmits":	0,
					"snd_cwnd":	1375143,
					"rtt":	27,
					"omitted":	false
				}],
			"sum":	{
				"start":	13.000327,
				"end":	14.000236,
				"seconds":	0.999909,
				"bytes":	5086904320,
				"bits_per_second":	4.069894e+10,
				"retransmits":	0,
				"omitted":	false
			}
		}, {
			"streams":	[{
					"socket":	5,
					"start":	14.000236,
					"end":	15.000334,
					"seconds":	1.000098,
					"bytes":	4778885120,
					"bits_per_second":	3.822734e+10,
					"retransmits":	0,
					"snd_cwnd":	1375143,
					"rtt":	31,
					"omitted":	false
				}],
			"sum":	{
				"start":	14.000236,
				"end":	15.000334,
				"seconds":	1.000098,
				"bytes":	4778885120,
				"bits_per_second":	3.822734e+10,
				"retransmits":	0,
				"omitted":	false
			}
		}, {
			"streams":	[{
					"socket":	5,
					"start":	15.000334,
					"end":	16.000185,
					"seconds":	0.999851,
					"bytes":	4912578560,
					"bits_per_second":	3.930649e+10,
					"retransmits":	0,
					"snd_cwnd":	1375143,
					"rtt":	27,
					"omitted":	false
				}],
			"sum":	{
				"start":	15.000334,