{
	"start":	{
		"connected":	[{
				"socket":	5,
				"local_host":	"100.64.0.2",
				"local_port":	55268,
				"remote_host":	"10.120.8.116",
				"remote_port":	5201
			}],
		"version":	"iperf 3.1.3",
		"system_info":	"Linux lorenzo-nrg 5.4.232 #2 SMP Thu Feb 23 21:13:11 CST 2023 x86_64",
		"timestamp":	{
			"time":	"Fri, 24 Mar 2023 00:28:47 GMT",
			"timesecs":	1679617727
		},
		"connecting_to":	{
			"host":	"10.120.8.116",
			"port":	5201
		},
		"cookie":	"lorenzo-nrg.1679617726.300884.4623c6",
		"tcp_mss_default":	1448,
		"test_start":	{
			"protocol":	"TCP",
			"num_streams":	1,
			"blksize":	131072,
			"omit":	0,
			"duration":	2,
			"bytes":	0,
			"blocks":	0,
			"reverse":	0
		}
	},
	"intervals":	[{
			"streams":	[{
					"socket":	5,
					"start":	0,
					"end":	1.000413,
					"seconds":	1.000413,
					"bytes":	618296,
					"bits_per_second":	4944326.285063,
					"retransmits":	0,
					"snd_cwnd":	195480,
					"rtt":	488662,
					"omitted":	false
				}],
			"sum":	{
				"start":	0,
				"end":	1.000413,
				"seconds":	1.000413,
				"bytes":	618296,
				"bits_per_second":	4944326.285063,
				"retransmits":	0,
				"omitted":	false
			}
		}, {
			"streams":	[{
					"socket":	5,
					"start":	1.000413,
					"end":	2.001122,
					"seconds":	1.000709,
					"bytes":	72400,
					"bits_per_second":	578789.605263,
					"retransmits":	0,
					"snd_cwnd":	199824,
					"rtt":	838675,
					"omitted":	false
				}],
			"sum":	{
				"start":	1.000413,
				"end":	2.001122,
				"seconds":	1.000709,
				"bytes":	72400,
				"bits_per_second":	578789.605263,
				"retransmits":	0,
				"omitted":	false
			}
		}],
	"end":	{
		"streams":	[{
				"sender":	{
					"socket":	5,
					"start":	0,
					"end":	2.001122,
					"seconds":	2.001122,
					"bytes":	690696,
					"bits_per_second":	2761234.950184,
					"retransmits":	0,
					"max_snd_cwnd":	199824,
					"max_rtt":	838675,
					"min_rtt":	488662,
					"mean_rtt":	663668
				},
				"receiver":	{
					"socket":	5,
					"start":	0,
					"end":	2.001122,
					"seconds":	2.001122,
					"bytes":	451776,
					"bits_per_second":	1806090.785026
				}
			}],
		"sum_sent":	{
			"start":	0,
			"end":	2.001122,
			"seconds":	2.001122,
			"bytes":	690696,
			"bits_per_second":	2761234.950184,
			"retransmits":	0
		},
		"sum_received":	{
			"start":	0,
			"end":	2.001122,
			"seconds":	2.001122,
			"bytes":	451776,
			"bits_per_second":	1806090.785026
		},
		"cpu_utilization_percent":	{
			"host_total":	0.937812,
			"host_user":	0.331073,
			"host_system":	0.606651,
			"remote_total":	0.304717,
			"remote_user":	0,
			"remote_system":	0.304738
		}
	}
}
