{
	"start":	{
		"connected":	[{
				"socket":	5,
				"local_host":	"100.64.0.2",
				"local_port":	49864,
				"remote_host":	"10.120.8.116",
				"remote_port":	5201
			}],
		"version":	"iperf 3.1.3",
		"system_info":	"Linux lorenzo-nrg 5.4.232 #2 SMP Thu Feb 23 21:13:11 CST 2023 x86_64",
		"timestamp":	{
			"time":	"Fri, 24 Mar 2023 01:39:18 GMT",
			"timesecs":	1679621958
		},
		"connecting_to":	{
			"host":	"10.120.8.116",
			"port":	5201
		},
		"cookie":	"lorenzo-nrg.1679621957.737368.30081b",
		"tcp_mss_default":	1448,
		"test_start":	{
			"protocol":	"TCP",
			"num_streams":	1,
			"blksize":	131072,
			"omit":	0,
			"duration":	86400,
			"bytes":	0,
			"blocks":	0,
			"reverse":	0
		}
	},
	"intervals":	[{
			"streams":	[{
					"socket":	5,
					"start":	0,
					"end":	1.000386,
					"seconds":	1.000386,
					"bytes":	1756424,
					"bits_per_second":	14045970.259980,
					"retransmits":	0,
					"snd_cwnd":	189688,
					"rtt":	464305,
					"omitted":	false
				}],
			"sum":	{
				"start":	0,
				"end":	1.000386,
				"seconds":	1.000386,
				"bytes":	1756424,
				"bits_per_second":	14045970.259980,
				"retransmits":	0,
				"omitted":	false
			}
		}, {
			"streams":	[{
					"socket":	5,
					"start":	1.000386,
					"end":	2.000989,
					"seconds":	1.000603,
					"bytes":	2426848,
					"bits_per_second":	19403084.704666,
					"retransmits":	0,
					"snd_cwnd":	473496,
					"rtt":	728152,
					"omitted":	false
				}],
			"sum":	{
				"start":	1.000386,
				"end":	2.000989,
				"seconds":	1.000603,
				"bytes":	2426848,
				"bits_per_second":	19403084.704666,
				"retransmits":	0,
				"omitted":	false
			}
		}, {
			"streams":	[{
					"socket":	5,
					"start":	2.000989,
					"end":	3.001201,
					"seconds":	1.000212,
					"bytes":	65160,
					"bits_per_second":	521169.411741,
					"retransmits":	0,
					"snd_cwnd":	486528,
					"rtt":	1386576,
					"omitted":	false
				}],
			"sum":	{
				"start":	2.000989,
				"end":	3.001201,
				"seconds":	1.000212,
				"bytes":	65160,
				"bits_per_second":	521169.411741,
				"retransmits":	0,
				"omitted":	false
			}
		}, {
			"streams":	[{
					"socket":	5,
					"start":	3.001201,
					"end":	4.001166,
					"seconds":	0.999965,
					"bytes":	130320,
					"bits_per_second":	1042596.540435,
					"retransmits":	0,
					"snd_cwnd":	496664,
					"rtt":	2070084,
					"omitted":	false
				}],
			"sum":	{
				"start":	3.001201,
				"end":	4.001166,
				"seconds":	0.999965,
				"bytes":	130320,
				"bits_per_second":	1042596.540435,
				"retransmits":	0,
				"omitted":	false
			}
		}, {
			"streams":	[{
					"socket":	5,
					"start":	4.001166,
					"end":	5.001146,
					"seconds":	0.999980,
					"bytes":	65160,
					"bits_per_second":	521290.439967,
					"retransmits":	0,
					"snd_cwnd":	502456,
					"rtt":	2668397,
					"omitted":	false
				}],
			"sum":	{
				"start":	4.001166,
				"end":	5.001146,
				"seconds":	0.999980,
				"bytes":	65160,
				"bits_per_second":	521290.439967,
				"retransmits":	0,
				"omitted":	false
			}
		}, {
			"streams":	[{
					"socket":	5,
					"start":	5.001146,
					"end":	5.596280,
					"seconds":	0.595134,
					"bytes":	0,
					"bits_per_second":	0,
					"retransmits":	0,
					"snd_cwnd":	502456,
					"rtt":	3017015,
					"omitted":	false
				}],
			"sum":	{
				"start":	5.001146,
				"end":	5.596280,
				"seconds":	0.595134,
				"bytes":	0,
				"bits_per_second":	0,
				"retransmits":	0,
				"omitted":	false
			}
		}],
	"end":	{
		"streams":	[{
				"sender":	{
					"socket":	5,
					"start":	0,
					"end":	5.596280,
					"seconds":	5.596280,
					"bytes":	4443912,
					"bits_per_second":	6352665.588156,
					"retransmits":	0,
					"max_snd_cwnd":	502456,
					"max_rtt":	3017015,
					"min_rtt":	464305,
					"mean_rtt":	1722421
				},
				"receiver":	{
					"socket":	5,
					"start":	0,
					"end":	5.596280,
					"seconds":	5.596280,
					"bytes":	0,
					"bits_per_second":	0
				}
			}],
		"sum_sent":	{
			"start":	0,
			"end":	5.596280,
			"seconds":	5.596280,
			"bytes":	4443912,
			"bits_per_second":	6352665.588156,
			"retransmits":	0
		},
		"sum_received":	{
			"start":	0,
			"end":	5.596280,
			"seconds":	5.596280,
			"bytes":	0,
			"bits_per_second":	0
		},
		"cpu_utilization_percent":	{
			"host_total":	0.403348,
			"host_user":	0.146073,
			"host_system":	0.257275,
			"remote_total":	0,
			"remote_user":	0,
			"remote_system":	0
		}
	},
	"error":	"interrupt - the client has terminated"
}
