{
	"start":	{
		"connected":	[{
				"socket":	5,
				"local_host":	"100.64.0.2",
				"local_port":	34146,
				"remote_host":	"10.120.8.116",
				"remote_port":	5201
			}],
		"version":	"iperf 3.1.3",
		"system_info":	"Linux lorenzo-nrg 5.4.232 #2 SMP Thu Feb 23 21:13:11 CST 2023 x86_64",
		"timestamp":	{
			"time":	"Fri, 24 Mar 2023 01:11:21 GMT",
			"timesecs":	1679620281
		},
		"connecting_to":	{
			"host":	"10.120.8.116",
			"port":	5201
		},
		"cookie":	"lorenzo-nrg.1679620280.570967.038277",
		"tcp_mss_default":	1448,
		"test_start":	{
			"protocol":	"TCP",
			"num_streams":	1,
			"blksize":	131072,
			"omit":	0,
			"duration":	86400,
			"bytes":	0,
			"blocks":	0,
			"reverse":	0
		}
	},
	"intervals":	[{
			"streams":	[{
					"socket":	5,
					"start":	0,
					"end":	1.000681,
					"seconds":	1.000681,
					"bytes":	311320,
					"bits_per_second":	2488865.273242,
					"retransmits":	0,
					"snd_cwnd":	70952,
					"rtt":	427189,
					"omitted":	false
				}],
			"sum":	{
				"start":	0,
				"end":	1.000681,
				"seconds":	1.000681,
				"bytes":	311320,
				"bits_per_second":	2488865.273242,
				"retransmits":	0,
				"omitted":	false
			}
		}, {
			"streams":	[{
					"socket":	5,
					"start":	1.000681,
					"end":	2.000236,
					"seconds":	0.999555,
					"bytes":	700832,
					"bits_per_second":	5609152.788086,
					"retransmits":	0,
					"snd_cwnd":	86880,
					"rtt":	553107,
					"omitted":	false
				}],
			"sum":	{
				"start":	1.000681,
				"end":	2.000236,
				"seconds":	0.999555,
				"bytes":	700832,
				"bits_per_second":	5609152.788086,
				"retransmits":	0,
				"omitted":	false
			}
		}, {
			"streams":	[{
					"socket":	5,
					"start":	2.000236,
					"end":	3.001163,
					"seconds":	1.000927,
					"bytes":	130320,
					"bits_per_second":	1041594.223572,
					"retransmits":	0,
					"snd_cwnd":	86880,
					"rtt":	671678,
					"omitted":	false
				}],
			"sum":	{
				"start":	2.000236,
				"end":	3.001163,
				"seconds":	1.000927,
				"bytes":	130320,
				"bits_per_second":	1041594.223572,
				"retransmits":	0,
				"omitted":	false
			}
		}, {
			"streams":	[{
					"socket":	5,
					"start":	3.001163,
					"end":	4.001110,
					"seconds":	0.999947,
					"bytes":	130320,
					"bits_per_second":	1042615.433092,
					"retransmits":	0,
					"snd_cwnd":	94120,
					"rtt":	653243,
					"omitted":	false
				}],
			"sum":	{
				"start":	3.001163,
				"end":	4.001110,
				"seconds":	0.999947,
				"bytes":	130320,
				"bits_per_second":	1042615.433092,
				"retransmits":	0,
				"omitted":	false
			}
		}, {
			"streams":	[{
					"socket":	5,
					"start":	4.001110,
					"end":	5.001237,
					"seconds":	1.000127,
					"bytes":	195480,
					"bits_per_second":	1563641.296994,
					"retransmits":	0,
					"snd_cwnd":	37648,
					"rtt":	543960,
					"omitted":	false
				}],
			"sum":	{
				"start":	4.001110,
				"end":	5.001237,
				"seconds":	1.000127,
				"bytes":	195480,
				"bits_per_second":	1563641.296994,
				"retransmits":	0,
				"omitted":	false
			}
		}, {
			"streams":	[{
					"socket":	5,
					"start":	5.001237,
					"end":	5.648987,
					"seconds":	0.647750,
					"bytes":	0,
					"bits_per_second":	0,
					"retransmits":	0,
					"snd_cwnd":	53576,
					"rtt":	164641,
					"omitted":	false
				}],
			"sum":	{
				"start":	5.001237,
				"end":	5.648987,
				"seconds":	0.647750,
				"bytes":	0,
				"bits_per_second":	0,
				"retransmits":	0,
				"omitted":	false
			}
		}],
	"end":	{
		"streams":	[{
				"sender":	{
					"socket":	5,
					"start":	0,
					"end":	5.648987,
					"seconds":	5.648987,
					"bytes":	1468272,
					"bits_per_second":	2079342.080581,
					"retransmits":	0,
					"max_snd_cwnd":	94120,
					"max_rtt":	671678,
					"min_rtt":	164641,
					"mean_rtt":	502303
				},
				"receiver":	{
					"socket":	5,
					"start":	0,
					"end":	5.648987,
					"seconds":	5.648987,
					"bytes":	0,
					"bits_per_second":	0
				}
			}],
		"sum_sent":	{
			"start":	0,
			"end":	5.648987,
			"seconds":	5.648987,
			"bytes":	1468272,
			"bits_per_second":	2079342.080581,
			"retransmits":	0
		},
		"sum_received":	{
			"start":	0,
			"end":	5.648987,
			"seconds":	5.648987,
			"bytes":	0,
			"bits_per_second":	0
		},
		"cpu_utilization_percent":	{
			"host_total":	0.405739,
			"host_user":	0.145844,
			"host_system":	0.259895,
			"remote_total":	0,
			"remote_user":	0,
			"remote_system":	0
		}
	},
	"error":	"interrupt - the client has terminated"
}
