{
	"start":	{
		"connected":	[{
				"socket":	5,
				"local_host":	"100.64.0.2",
				"local_port":	34054,
				"remote_host":	"10.120.8.116",
				"remote_port":	5201
			}],
		"version":	"iperf 3.1.3",
		"system_info":	"Linux lorenzo-nrg 5.4.232 #2 SMP Thu Feb 23 21:13:11 CST 2023 x86_64",
		"timestamp":	{
			"time":	"Fri, 24 Mar 2023 00:30:00 GMT",
			"timesecs":	1679617800
		},
		"connecting_to":	{
			"host":	"10.120.8.116",
			"port":	5201
		},
		"cookie":	"lorenzo-nrg.1679617799.744624.5cca43",
		"tcp_mss_default":	1448,
		"test_start":	{
			"protocol":	"TCP",
			"num_streams":	1,
			"blksize":	131072,
			"omit":	0,
			"duration":	2,
			"bytes":	0,
			"blocks":	0,
			"reverse":	0
		}
	},
	"intervals":	[{
			"streams":	[{
					"socket":	5,
					"start":	0,
					"end":	1.000252,
					"seconds":	1.000252,
					"bytes":	1811448,
					"bits_per_second":	14487932.918654,
					"retransmits":	0,
					"snd_cwnd":	198376,
					"rtt":	462639,
					"omitted":	false
				}],
			"sum":	{
				"start":	0,
				"end":	1.000252,
				"seconds":	1.000252,
				"bytes":	1811448,
				"bits_per_second":	14487932.918654,
				"retransmits":	0,
				"omitted":	false
			}
		}, {
			"streams":	[{
					"socket":	5,
					"start":	1.000252,
					"end":	2.001089,
					"seconds":	1.000837,
					"bytes":	153488,
					"bits_per_second":	1226876.996441,
					"retransmits":	0,
					"snd_cwnd":	211408,
					"rtt":	656990,
					"omitted":	false
				}],
			"sum":	{
				"start":	1.000252,
				"end":	2.001089,
				"seconds":	1.000837,
				"bytes":	153488,
				"bits_per_second":	1226876.996441,
				"retransmits":	0,
				"omitted":	false
			}
		}],
	"end":	{
		"streams":	[{
				"sender":	{
					"socket":	5,
					"start":	0,
					"end":	2.001089,
					"seconds":	2.001089,
					"bytes":	1964936,
					"bits_per_second":	7855466.321253,
					"retransmits":	0,
					"max_snd_cwnd":	211408,
					"max_rtt":	656990,
					"min_rtt":	462639,
					"mean_rtt":	559814
				},
				"receiver":	{
					"socket":	5,
					"start":	0,
					"end":	2.001089,
					"seconds":	2.001089,
					"bytes":	460464,
					"bits_per_second":	1840853.566808
				}
			}],
		"sum_sent":	{
			"start":	0,
			"end":	2.001089,
			"seconds":	2.001089,
			"bytes":	1964936,
			"bits_per_second":	7855466.321253,
			"retransmits":	0
		},
		"sum_received":	{
			"start":	0,
			"end":	2.001089,
			"seconds":	2.001089,
			"bytes":	460464,
			"bits_per_second":	1840853.566808
		},
		"cpu_utilization_percent":	{
			"host_total":	0.943280,
			"host_user":	0,
			"host_system":	0.943236,
			"remote_total":	0.302626,
			"remote_user":	0.161397,
			"remote_system":	0.141167
		}
	}
}
