{
	"start":	{
		"connected":	[{
				"socket":	5,
				"local_host":	"100.64.0.2",
				"local_port":	48956,
				"remote_host":	"10.120.8.116",
				"remote_port":	5201
			}],
		"version":	"iperf 3.1.3",
		"system_info":	"Linux lorenzo-nrg 5.4.232 #2 SMP Thu Feb 23 21:13:11 CST 2023 x86_64",
		"timestamp":	{
			"time":	"Fri, 24 Mar 2023 01:23:56 GMT",
			"timesecs":	1679621036
		},
		"connecting_to":	{
			"host":	"10.120.8.116",
			"port":	5201
		},
		"cookie":	"lorenzo-nrg.1679621035.860626.57373c",
		"tcp_mss_default":	1448,
		"test_start":	{
			"protocol":	"TCP",
			"num_streams":	1,
			"blksize":	131072,
			"omit":	0,
			"duration":	86400,
			"bytes":	0,
			"blocks":	0,
			"reverse":	0
		}
	},
	"intervals":	[{
			"streams":	[{
					"socket":	5,
					"start":	0,
					"end":	1.000921,
					"seconds":	1.000921,
					"bytes":	373584,
					"bits_per_second":	2985921.933141,
					"retransmits":	0,
					"snd_cwnd":	43440,
					"rtt":	199522,
					"omitted":	false
				}],
			"sum":	{
				"start":	0,
				"end":	1.000921,
				"seconds":	1.000921,
				"bytes":	373584,
				"bits_per_second":	2985921.933141,
				"retransmits":	0,
				"omitted":	false
			}
		}, {
			"streams":	[{
					"socket":	5,
					"start":	1.000921,
					"end":	2.000215,
					"seconds":	0.999294,
					"bytes":	131768,
					"bits_per_second":	1054888.706502,
					"retransmits":	0,
					"snd_cwnd":	50680,
					"rtt":	328227,
					"omitted":	false
				}],
			"sum":	{
				"start":	1.000921,
				"end":	2.000215,
				"seconds":	0.999294,
				"bytes":	131768,
				"bits_per_second":	1054888.706502,
				"retransmits":	0,
				"omitted":	false
			}
		}, {
			"streams":	[{
					"socket":	5,
					"start":	2.000215,
					"end":	3.001167,
					"seconds":	1.000952,
					"bytes":	130320,
					"bits_per_second":	1041568.421253,
					"retransmits":	0,
					"snd_cwnd":	59368,
					"rtt":	410956,
					"omitted":	false
				}],
			"sum":	{
				"start":	2.000215,
				"end":	3.001167,
				"seconds":	1.000952,
				"bytes":	130320,
				"bits_per_second":	1041568.421253,
				"retransmits":	0,
				"omitted":	false
			}
		}, {
			"streams":	[{
					"socket":	5,
					"start":	3.001167,
					"end":	4.000681,
					"seconds":	0.999514,
					"bytes":	456120,
					"bits_per_second":	3650733.880875,
					"retransmits":	0,
					"snd_cwnd":	40544,
					"rtt":	454462,
					"omitted":	false
				}],
			"sum":	{
				"start":	3.001167,
				"end":	4.000681,
				"seconds":	0.999514,
				"bytes":	456120,
				"bits_per_second":	3650733.880875,
				"retransmits":	0,
				"omitted":	false
			}
		}, {
			"streams":	[{
					"socket":	5,
					"start":	4.000681,
					"end":	5.001247,
					"seconds":	1.000566,
					"bytes":	130320,
					"bits_per_second":	1041970.238898,
					"retransmits":	0,
					"snd_cwnd":	65160,
					"rtt":	201772,
					"omitted":	false
				}],
			"sum":	{
				"start":	4.000681,
				"end":	5.001247,
				"seconds":	1.000566,
				"bytes":	130320,
				"bits_per_second":	1041970.238898,
				"retransmits":	0,
				"omitted":	false
			}
		}, {
			"streams":	[{
					"socket":	5,
					"start":	5.001247,
					"end":	5.637122,
					"seconds":	0.635875,
					"bytes":	0,
					"bits_per_second":	0,
					"retransmits":	0,
					"snd_cwnd":	40544,
					"rtt":	357411,
					"omitted":	false
				}],
			"sum":	{
				"start":	5.001247,
				"end":	5.637122,
				"seconds":	0.635875,
				"bytes":	0,
				"bits_per_second":	0,
				"retransmits":	0,
				"omitted":	false
			}
		}],
	"end":	{
		"streams":	[{
				"sender":	{
					"socket":	5,
					"start":	0,
					"end":	5.637122,
					"seconds":	5.637122,
					"bytes":	1222112,
					"bits_per_second":	1734377.175533,
					"retransmits":	0,
					"max_snd_cwnd":	65160,
					"max_rtt":	454462,
					"min_rtt":	199522,
					"mean_rtt":	325391
				},
				"receiver":	{
					"socket":	5,
					"start":	0,
					"end":	5.637122,
					"seconds":	5.637122,
					"bytes":	0,
					"bits_per_second":	0
				}
			}],
		"sum_sent":	{
			"start":	0,
			"end":	5.637122,
			"seconds":	5.637122,
			"bytes":	1222112,
			"bits_per_second":	1734377.175533,
			"retransmits":	0
		},
		"sum_received":	{
			"start":	0,
			"end":	5.637122,
			"seconds":	5.637122,
			"bytes":	0,
			"bits_per_second":	0
		},
		"cpu_utilization_percent":	{
			"host_total":	0.371092,
			"host_user":	0.201950,
			"host_system":	0.169040,
			"remote_total":	0,
			"remote_user":	0,
			"remote_system":	0
		}
	},
	"error":	"interrupt - the client has terminated"
}
