{
	"start":	{
		"connected":	[{
				"socket":	5,
				"local_host":	"100.64.0.2",
				"local_port":	33994,
				"remote_host":	"10.120.8.116",
				"remote_port":	5201
			}],
		"version":	"iperf 3.1.3",
		"system_info":	"Linux lorenzo-nrg 5.4.232 #2 SMP Thu Feb 23 21:13:11 CST 2023 x86_64",
		"timestamp":	{
			"time":	"Fri, 24 Mar 2023 01:45:37 GMT",
			"timesecs":	1679622337
		},
		"connecting_to":	{
			"host":	"10.120.8.116",
			"port":	5201
		},
		"cookie":	"lorenzo-nrg.1679622336.801237.36d9cd",
		"tcp_mss_default":	1448,
		"test_start":	{
			"protocol":	"TCP",
			"num_streams":	1,
			"blksize":	131072,
			"omit":	0,
			"duration":	86400,
			"bytes":	0,
			"blocks":	0,
			"reverse":	0
		}
	},
	"intervals":	[{
			"streams":	[{
					"socket":	5,
					"start":	0,
					"end":	1.000260,
					"seconds":	1.000260,
					"bytes":	5699328,
					"bits_per_second":	45582767.253547,
					"retransmits":	0,
					"snd_cwnd":	286704,
					"rtt":	15432,
					"omitted":	false
				}],
			"sum":	{
				"start":	0,
				"end":	1.000260,
				"seconds":	1.000260,
				"bytes":	5699328,
				"bits_per_second":	45582767.253547,
				"retransmits":	0,
				"omitted":	false
			}
		}, {
			"streams":	[{
					"socket":	5,
					"start":	1.000260,
					"end":	2.000442,
					"seconds":	1.000182,
					"bytes":	4561200,
					"bits_per_second":	36482963.260992,
					"retransmits":	0,
					"snd_cwnd":	516936,
					"rtt":	82380,
					"omitted":	false
				}],
			"sum":	{
				"start":	1.000260,
				"end":	2.000442,
				"seconds":	1.000182,
				"bytes":	4561200,
				"bits_per_second":	36482963.260992,
				"retransmits":	0,
				"omitted":	false
			}
		}, {
			"streams":	[{
					"socket":	5,
					"start":	2.000442,
					"end":	2.588447,
					"seconds":	0.588005,
					"bytes":	3258000,
					"bits_per_second":	44326148.720011,
					"retransmits":	0,
					"snd_cwnd":	687800,
					"rtt":	79882,
					"omitted":	false
				}],
			"sum":	{
				"start":	2.000442,
				"end":	2.588447,
				"seconds":	0.588005,
				"bytes":	3258000,
				"bits_per_second":	44326148.720011,
				"retransmits":	0,
				"omitted":	false
			}
		}],
	"end":	{
		"streams":	[{
				"sender":	{
					"socket":	5,
					"start":	0,
					"end":	2.588447,
					"seconds":	2.588447,
					"bytes":	13518528,
					"bits_per_second":	41781122.068211,
					"retransmits":	0,
					"max_snd_cwnd":	687800,
					"max_rtt":	82380,
					"min_rtt":	15432,
					"mean_rtt":	59231
				},
				"receiver":	{
					"socket":	5,
					"start":	0,
					"end":	2.588447,
					"seconds":	2.588447,
					"bytes":	0,
					"bits_per_second":	0
				}
			}],
		"sum_sent":	{
			"start":	0,
			"end":	2.588447,
			"seconds":	2.588447,
			"bytes":	13518528,
			"bits_per_second":	41781122.068211,
			"retransmits":	0
		},
		"sum_received":	{
			"start":	0,
			"end":	2.588447,
			"seconds":	2.588447,
			"bytes":	0,
			"bits_per_second":	0
		},
		"cpu_utilization_percent":	{
			"host_total":	0.862505,
			"host_user":	0.152018,
			"host_system":	0.710412,
			"remote_total":	0,
			"remote_user":	0,
			"remote_system":	0
		}
	},
	"error":	"interrupt - the client has terminated"
}
