{
	"start":	{
		"connected":	[{
				"socket":	5,
				"local_host":	"100.64.0.2",
				"local_port":	54840,
				"remote_host":	"10.120.8.116",
				"remote_port":	5201
			}],
		"version":	"iperf 3.1.3",
		"system_info":	"Linux lorenzo-nrg 5.4.232 #2 SMP Thu Feb 23 21:13:11 CST 2023 x86_64",
		"timestamp":	{
			"time":	"Fri, 24 Mar 2023 01:08:03 GMT",
			"timesecs":	1679620083
		},
		"connecting_to":	{
			"host":	"10.120.8.116",
			"port":	5201
		},
		"cookie":	"lorenzo-nrg.1679620082.275908.4440bb",
		"tcp_mss_default":	1448,
		"test_start":	{
			"protocol":	"TCP",
			"num_streams":	1,
			"blksize":	131072,
			"omit":	0,
			"duration":	86400,
			"bytes":	0,
			"blocks":	0,
			"reverse":	0
		}
	},
	"intervals":	[{
			"streams":	[{
					"socket":	5,
					"start":	0,
					"end":	1.000317,
					"seconds":	1.000317,
					"bytes":	6702792,
					"bits_per_second":	53605337.923695,
					"retransmits":	0,
					"snd_cwnd":	306976,
					"rtt":	15776,
					"omitted":	false
				}],
			"sum":	{
				"start":	0,
				"end":	1.000317,
				"seconds":	1.000317,
				"bytes":	6702792,
				"bits_per_second":	53605337.923695,
				"retransmits":	0,
				"omitted":	false
			}
		}, {
			"streams":	[{
					"socket":	5,
					"start":	1.000317,
					"end":	2.000240,
					"seconds":	0.999923,
					"bytes":	4626360,
					"bits_per_second":	37013730.397806,
					"retransmits":	0,
					"snd_cwnd":	599472,
					"rtt":	84571,
					"omitted":	false
				}],
			"sum":	{
				"start":	1.000317,
				"end":	2.000240,
				"seconds":	0.999923,
				"bytes":	4626360,
				"bits_per_second":	37013730.397806,
				"retransmits":	0,
				"omitted":	false
			}
		}, {
			"streams":	[{
					"socket":	5,
					"start":	2.000240,
					"end":	3.000162,
					"seconds":	0.999922,
					"bytes":	4561200,
					"bits_per_second":	36492445.055946,
					"retransmits":	0,
					"snd_cwnd":	878936,
					"rtt":	163055,
					"omitted":	false
				}],
			"sum":	{
				"start":	2.000240,
				"end":	3.000162,
				"seconds":	0.999922,
				"bytes":	4561200,
				"bits_per_second":	36492445.055946,
				"retransmits":	0,
				"omitted":	false
			}
		}, {
			"streams":	[{
					"socket":	5,
					"start":	3.000162,
					"end":	4.000510,
					"seconds":	1.000348,
					"bytes":	5473440,
					"bits_per_second":	43772293.689153,
					"retransmits":	0,
					"snd_cwnd":	467704,
					"rtt":	47906,
					"omitted":	false
				}],
			"sum":	{
				"start":	3.000162,
				"end":	4.000510,
				"seconds":	1.000348,
				"bytes":	5473440,
				"bits_per_second":	43772293.689153,
				"retransmits":	0,
				"omitted":	false
			}
		}, {
			"streams":	[{
					"socket":	5,
					"start":	4.000510,
					"end":	5.000318,
					"seconds":	0.999808,
					"bytes":	4365720,
					"bits_per_second":	34932464.481580,
					"retransmits":	0,
					"snd_cwnd":	467704,
					"rtt":	59583,
					"omitted":	false
				}],
			"sum":	{
				"start":	4.000510,
				"end":	5.000318,
				"seconds":	0.999808,
				"bytes":	4365720,
				"bits_per_second":	34932464.481580,
				"retransmits":	0,
				"omitted":	false
			}
		}, {
			"streams":	[{
					"socket":	5,
					"start":	5.000318,
					"end":	5.475054,
					"seconds":	0.474736,
					"bytes":	0,
					"bits_per_second":	0,
					"retransmits":	1,
					"snd_cwnd":	1448,
					"rtt":	59583,
					"omitted":	false
				}],
			"sum":	{
				"start":	5.000318,
				"end":	5.475054,
				"seconds":	0.474736,
				"bytes":	0,
				"bits_per_second":	0,
				"retransmits":	1,
				"omitted":	false
			}
		}],
	"end":	{
		"streams":	[{
				"sender":	{
					"socket":	5,
					"start":	0,
					"end":	5.475054,
					"seconds":	5.475054,
					"bytes":	25729512,
					"bits_per_second":	37595262.993877,
					"retransmits":	1,
					"max_snd_cwnd":	878936,
					"max_rtt":	163055,
					"min_rtt":	15776,
					"mean_rtt":	71745
				},
				"receiver":	{
					"socket":	5,
					"start":	0,
					"end":	5.475054,
					"seconds":	5.475054,
					"bytes":	0,
					"bits_per_second":	0
				}
			}],
		"sum_sent":	{
			"start":	0,
			"end":	5.475054,
			"seconds":	5.475054,
			"bytes":	25729512,
			"bits_per_second":	37595262.993877,
			"retransmits":	1
		},
		"sum_received":	{
			"start":	0,
			"end":	5.475054,
			"seconds":	5.475054,
			"bytes":	0,
			"bits_per_second":	0
		},
		"cpu_utilization_percent":	{
			"host_total":	0.445185,
			"host_user":	0.127193,
			"host_system":	0.317956,
			"remote_total":	0,
			"remote_user":	0,
			"remote_system":	0
		}
	},
	"error":	"interrupt - the client has terminated"
}
