{
	"start":	{
		"connected":	[{
				"socket":	5,
				"local_host":	"100.64.0.2",
				"local_port":	38108,
				"remote_host":	"10.120.8.116",
				"remote_port":	5201
			}],
		"version":	"iperf 3.1.3",
		"system_info":	"Linux lorenzo-nrg 5.4.232 #2 SMP Thu Feb 23 21:13:11 CST 2023 x86_64",
		"timestamp":	{
			"time":	"Fri, 24 Mar 2023 01:45:20 GMT",
			"timesecs":	1679622320
		},
		"connecting_to":	{
			"host":	"10.120.8.116",
			"port":	5201
		},
		"cookie":	"lorenzo-nrg.1679622319.696304.6c4f25",
		"tcp_mss_default":	1448,
		"test_start":	{
			"protocol":	"TCP",
			"num_streams":	1,
			"blksize":	131072,
			"omit":	0,
			"duration":	86400,
			"bytes":	0,
			"blocks":	0,
			"reverse":	0
		}
	},
	"intervals":	[{
			"streams":	[{
					"socket":	5,
					"start":	0,
					"end":	1.000908,
					"seconds":	1.000908,
					"bytes":	393856,
					"bits_per_second":	3147989.946384,
					"retransmits":	0,
					"snd_cwnd":	44888,
					"rtt":	226876,
					"omitted":	false
				}],
			"sum":	{
				"start":	0,
				"end":	1.000908,
				"seconds":	1.000908,
				"bytes":	393856,
				"bits_per_second":	3147989.946384,
				"retransmits":	0,
				"omitted":	false
			}
		}, {
			"streams":	[{
					"socket":	5,
					"start":	1.000908,
					"end":	2.000144,
					"seconds":	0.999236,
					"bytes":	139008,
					"bits_per_second":	1112914.147469,
					"retransmits":	0,
					"snd_cwnd":	52128,
					"rtt":	333795,
					"omitted":	false
				}],
			"sum":	{
				"start":	1.000908,
				"end":	2.000144,
				"seconds":	0.999236,
				"bytes":	139008,
				"bits_per_second":	1112914.147469,
				"retransmits":	0,
				"omitted":	false
			}
		}, {
			"streams":	[{
					"socket":	5,
					"start":	2.000144,
					"end":	3.001177,
					"seconds":	1.001033,
					"bytes":	130320,
					"bits_per_second":	1041484.076437,
					"retransmits":	0,
					"snd_cwnd":	63712,
					"rtt":	419179,
					"omitted":	false
				}],
			"sum":	{
				"start":	2.000144,
				"end":	3.001177,
				"seconds":	1.001033,
				"bytes":	130320,
				"bits_per_second":	1041484.076437,
				"retransmits":	0,
				"omitted":	false
			}
		}, {
			"streams":	[{
					"socket":	5,
					"start":	3.001177,
					"end":	3.001651,
					"seconds":	0.000474,
					"bytes":	0,
					"bits_per_second":	0,
					"retransmits":	0,
					"snd_cwnd":	63712,
					"rtt":	419179,
					"omitted":	false
				}],
			"sum":	{
				"start":	3.001177,
				"end":	3.001651,
				"seconds":	0.000474,
				"bytes":	0,
				"bits_per_second":	0,
				"retransmits":	0,
				"omitted":	false
			}
		}],
	"end":	{
		"streams":	[{
				"sender":	{
					"socket":	5,
					"start":	0,
					"end":	3.001651,
					"seconds":	3.001651,
					"bytes":	663184,
					"bits_per_second":	1767517.913972,
					"retransmits":	0,
					"max_snd_cwnd":	63712,
					"max_rtt":	419179,
					"min_rtt":	226876,
					"mean_rtt":	349757
				},
				"receiver":	{
					"socket":	5,
					"start":	0,
					"end":	3.001651,
					"seconds":	3.001651,
					"bytes":	0,
					"bits_per_second":	0
				}
			}],
		"sum_sent":	{
			"start":	0,
			"end":	3.001651,
			"seconds":	3.001651,
			"bytes":	663184,
			"bits_per_second":	1767517.913972,
			"retransmits":	0
		},
		"sum_received":	{
			"start":	0,
			"end":	3.001651,
			"seconds":	3.001651,
			"bytes":	0,
			"bits_per_second":	0
		},
		"cpu_utilization_percent":	{
			"host_total":	0.651185,
			"host_user":	0.349745,
			"host_system":	0.301410,
			"remote_total":	0,
			"remote_user":	0,
			"remote_system":	0
		}
	},
	"error":	"interrupt - the client has terminated"
}
