{
	"start":	{
		"connected":	[{
				"socket":	5,
				"local_host":	"100.64.0.2",
				"local_port":	47368,
				"remote_host":	"10.120.8.116",
				"remote_port":	5201
			}],
		"version":	"iperf 3.1.3",
		"system_info":	"Linux lorenzo-nrg 5.4.232 #2 SMP Thu Feb 23 21:13:11 CST 2023 x86_64",
		"timestamp":	{
			"time":	"Fri, 24 Mar 2023 01:29:34 GMT",
			"timesecs":	1679621374
		},
		"connecting_to":	{
			"host":	"10.120.8.116",
			"port":	5201
		},
		"cookie":	"lorenzo-nrg.1679621373.428437.02f3c8",
		"tcp_mss_default":	1448,
		"test_start":	{
			"protocol":	"TCP",
			"num_streams":	1,
			"blksize":	131072,
			"omit":	0,
			"duration":	86400,
			"bytes":	0,
			"blocks":	0,
			"reverse":	0
		}
	},
	"intervals":	[{
			"streams":	[{
					"socket":	5,
					"start":	0,
					"end":	1.000207,
					"seconds":	1.000207,
					"bytes":	432952,
					"bits_per_second":	3462899.362234,
					"retransmits":	0,
					"snd_cwnd":	33304,
					"rtt":	200430,
					"omitted":	false
				}],
			"sum":	{
				"start":	0,
				"end":	1.000207,
				"seconds":	1.000207,
				"bytes":	432952,
				"bits_per_second":	3462899.362234,
				"retransmits":	0,
				"omitted":	false
			}
		}, {
			"streams":	[{
					"socket":	5,
					"start":	1.000207,
					"end":	2.000223,
					"seconds":	1.000016,
					"bytes":	133216,
					"bits_per_second":	1065710.976285,
					"retransmits":	0,
					"snd_cwnd":	37648,
					"rtt":	224035,
					"omitted":	false
				}],
			"sum":	{
				"start":	1.000207,
				"end":	2.000223,
				"seconds":	1.000016,
				"bytes":	133216,
				"bits_per_second":	1065710.976285,
				"retransmits":	0,
				"omitted":	false
			}
		}, {
			"streams":	[{
					"socket":	5,
					"start":	2.000223,
					"end":	3.000697,
					"seconds":	1.000474,
					"bytes":	130320,
					"bits_per_second":	1042066.085544,
					"retransmits":	0,
					"snd_cwnd":	52128,
					"rtt":	326319,
					"omitted":	false
				}],
			"sum":	{
				"start":	2.000223,
				"end":	3.000697,
				"seconds":	1.000474,
				"bytes":	130320,
				"bits_per_second":	1042066.085544,
				"retransmits":	0,
				"omitted":	false
			}
		}, {
			"streams":	[{
					"socket":	5,
					"start":	3.000697,
					"end":	4.000185,
					"seconds":	0.999488,
					"bytes":	130320,
					"bits_per_second":	1043093.943819,
					"retransmits":	0,
					"snd_cwnd":	40544,
					"rtt":	218545,
					"omitted":	false
				}],
			"sum":	{
				"start":	3.000697,
				"end":	4.000185,
				"seconds":	0.999488,
				"bytes":	130320,
				"bits_per_second":	1043093.943819,
				"retransmits":	0,
				"omitted":	false
			}
		}, {
			"streams":	[{
					"socket":	5,
					"start":	4.000185,
					"end":	5.000367,
					"seconds":	1.000182,
					"bytes":	195480,
					"bits_per_second":	1563555.568328,
					"retransmits":	0,
					"snd_cwnd":	31856,
					"rtt":	310092,
					"omitted":	false
				}],
			"sum":	{
				"start":	4.000185,
				"end":	5.000367,
				"seconds":	1.000182,
				"bytes":	195480,
				"bits_per_second":	1563555.568328,
				"retransmits":	0,
				"omitted":	false
			}
		}, {
			"streams":	[{
					"socket":	5,
					"start":	5.000367,
					"end":	5.781750,
					"seconds":	0.781383,
					"bytes":	0,
					"bits_per_second":	0,
					"retransmits":	0,
					"snd_cwnd":	65160,
					"rtt":	271857,
					"omitted":	false
				}],
			"sum":	{
				"start":	5.000367,
				"end":	5.781750,
				"seconds":	0.781383,
				"bytes":	0,
				"bits_per_second":	0,
				"retransmits":	0,
				"omitted":	false
			}
		}],
	"end":	{
		"streams":	[{
				"sender":	{
					"socket":	5,
					"start":	0,
					"end":	5.781750,
					"seconds":	5.781750,
					"bytes":	1022288,
					"bits_per_second":	1414503.230209,
					"retransmits":	0,
					"max_snd_cwnd":	65160,
					"max_rtt":	326319,
					"min_rtt":	200430,
					"mean_rtt":	258546
				},
				"receiver":	{
					"socket":	5,
					"start":	0,
					"end":	5.781750,
					"seconds":	5.781750,
					"bytes":	0,
					"bits_per_second":	0
				}
			}],
		"sum_sent":	{
			"start":	0,
			"end":	5.781750,
			"seconds":	5.781750,
			"bytes":	1022288,
			"bits_per_second":	1414503.230209,
			"retransmits":	0
		},
		"sum_received":	{
			"start":	0,
			"end":	5.781750,
			"seconds":	5.781750,
			"bytes":	0,
			"bits_per_second":	0
		},
		"cpu_utilization_percent":	{
			"host_total":	0.686182,
			"host_user":	0.169302,
			"host_system":	0.516830,
			"remote_total":	0,
			"remote_user":	0,
			"remote_system":	0
		}
	},
	"error":	"interrupt - the client has terminated"
}
