{
	"start":	{
		"connected":	[{
				"socket":	5,
				"local_host":	"100.64.0.2",
				"local_port":	34640,
				"remote_host":	"10.120.8.116",
				"remote_port":	5201
			}],
		"version":	"iperf 3.1.3",
		"system_info":	"Linux lorenzo-nrg 5.4.232 #2 SMP Thu Feb 23 21:13:11 CST 2023 x86_64",
		"timestamp":	{
			"time":	"Sat, 01 Apr 2023 02:04:00 GMT",
			"timesecs":	1680314640
		},
		"connecting_to":	{
			"host":	"10.120.8.116",
			"port":	5201
		},
		"cookie":	"lorenzo-nrg.1680314639.771881.1ec5af",
		"tcp_mss_default":	1448,
		"test_start":	{
			"protocol":	"TCP",
			"num_streams":	1,
			"blksize":	131072,
			"omit":	0,
			"duration":	86400,
			"bytes":	0,
			"blocks":	0,
			"reverse":	0
		}
	},
	"intervals":	[{
			"streams":	[{
					"socket":	5,
					"start":	0,
					"end":	1.000239,
					"seconds":	1.000239,
					"bytes":	489424,
					"bits_per_second":	3914455.921144,
					"retransmits":	0,
					"snd_cwnd":	157832,
					"rtt":	199321,
					"omitted":	false
				}],
			"sum":	{
				"start":	0,
				"end":	1.000239,
				"seconds":	1.000239,
				"bytes":	489424,
				"bits_per_second":	3914455.921144,
				"retransmits":	0,
				"omitted":	false
			}
		}, {
			"streams":	[{
					"socket":	5,
					"start":	1.000239,
					"end":	2.001061,
					"seconds":	1.000822,
					"bytes":	522728,
					"bits_per_second":	4178390.078520,
					"retransmits":	0,
					"snd_cwnd":	308424,
					"rtt":	868788,
					"omitted":	false
				}],
			"sum":	{
				"start":	1.000239,
				"end":	2.001061,
				"seconds":	1.000822,
				"bytes":	522728,
				"bits_per_second":	4178390.078520,
				"retransmits":	0,
				"omitted":	false
			}
		}, {
			"streams":	[{
					"socket":	5,
					"start":	2.001061,
					"end":	3.001097,
					"seconds":	1.000036,
					"bytes":	130320,
					"bits_per_second":	1042522.467934,
					"retransmits":	0,
					"snd_cwnd":	308424,
					"rtt":	1270116,
					"omitted":	false
				}],
			"sum":	{
				"start":	2.001061,
				"end":	3.001097,
				"seconds":	1.000036,
				"bytes":	130320,
				"bits_per_second":	1042522.467934,
				"retransmits":	0,
				"omitted":	false
			}
		}, {
			"streams":	[{
					"socket":	5,
					"start":	3.001097,
					"end":	4.000718,
					"seconds":	0.999621,
					"bytes":	1889640,
					"bits_per_second":	15122849.247917,
					"retransmits":	0,
					"snd_cwnd":	308424,
					"rtt":	1531831,
					"omitted":	false
				}],
			"sum":	{
				"start":	3.001097,
				"end":	4.000718,
				"seconds":	0.999621,
				"bytes":	1889640,
				"bits_per_second":	15122849.247917,
				"retransmits":	0,
				"omitted":	false
			}
		}, {
			"streams":	[{
					"socket":	5,
					"start":	4.000718,
					"end":	5.001065,
					"seconds":	1.000347,
					"bytes":	195480,
					"bits_per_second":	1563297.693542,
					"retransmits":	0,
					"snd_cwnd":	315664,
					"rtt":	1861151,
					"omitted":	false
				}],
			"sum":	{
				"start":	4.000718,
				"end":	5.001065,
				"seconds":	1.000347,
				"bytes":	195480,
				"bits_per_second":	1563297.693542,
				"retransmits":	0,
				"omitted":	false
			}
		}, {
			"streams":	[{
					"socket":	5,
					"start":	5.001065,
					"end":	6.001142,
					"seconds":	1.000077,
					"bytes":	195480,
					"bits_per_second":	1563719.579205,
					"retransmits":	0,
					"snd_cwnd":	40544,
					"rtt":	2263778,
					"omitted":	false
				}],
			"sum":	{
				"start":	5.001065,
				"end":	6.001142,
				"seconds":	1.000077,
				"bytes":	195480,
				"bits_per_second":	1563719.579205,
				"retransmits":	0,
				"omitted":	false
			}
		}, {
			"streams":	[{
					"socket":	5,
					"start":	6.001142,
					"end":	6.375885,
					"seconds":	0.374743,
					"bytes":	0,
					"bits_per_second":	0,
					"retransmits":	0,
					"snd_cwnd":	40544,
					"rtt":	2158507,
					"omitted":	false
				}],
			"sum":	{
				"start":	6.001142,
				"end":	6.375885,
				"seconds":	0.374743,
				"bytes":	0,
				"bits_per_second":	0,
				"retransmits":	0,
				"omitted":	false
			}
		}],
	"end":	{
		"streams":	[{
				"sender":	{
					"socket":	5,
					"start":	0,
					"end":	6.375885,
					"seconds":	6.375885,
					"bytes":	3423072,
					"bits_per_second":	4295023.507804,
					"retransmits":	0,
					"max_snd_cwnd":	315664,
					"max_rtt":	2263778,
					"min_rtt":	199321,
					"mean_rtt":	1450498
				},
				"receiver":	{
					"socket":	5,
					"start":	0,
					"end":	6.375885,
					"seconds":	6.375885,
					"bytes":	0,
					"bits_per_second":	0
				}
			}],
		"sum_sent":	{
			"start":	0,
			"end":	6.375885,
			"seconds":	6.375885,
			"bytes":	3423072,
			"bits_per_second":	4295023.507804,
			"retransmits":	0
		},
		"sum_received":	{
			"start":	0,
			"end":	6.375885,
			"seconds":	6.375885,
			"bytes":	0,
			"bits_per_second":	0
		},
		"cpu_utilization_percent":	{
			"host_total":	0.351108,
			"host_user":	0.162652,
			"host_system":	0.188501,
			"remote_total":	0,
			"remote_user":	0,
			"remote_system":	0
		}
	},
	"error":	"interrupt - the client has terminated"
}
