{
	"start":	{
		"connected":	[{
				"socket":	5,
				"local_host":	"100.64.0.2",
				"local_port":	60986,
				"remote_host":	"10.120.8.116",
				"remote_port":	5201
			}],
		"version":	"iperf 3.1.3",
		"system_info":	"Linux lorenzo-nrg 5.4.232 #2 SMP Thu Feb 23 21:13:11 CST 2023 x86_64",
		"timestamp":	{
			"time":	"Fri, 24 Mar 2023 01:13:58 GMT",
			"timesecs":	1679620438
		},
		"connecting_to":	{
			"host":	"10.120.8.116",
			"port":	5201
		},
		"cookie":	"lorenzo-nrg.1679620437.922995.488c72",
		"tcp_mss_default":	1448,
		"test_start":	{
			"protocol":	"TCP",
			"num_streams":	1,
			"blksize":	131072,
			"omit":	0,
			"duration":	86400,
			"bytes":	0,
			"blocks":	0,
			"reverse":	0
		}
	},
	"intervals":	[{
			"streams":	[{
					"socket":	5,
					"start":	0,
					"end":	1.000369,
					"seconds":	1.000369,
					"bytes":	687800,
					"bits_per_second":	5500371.278580,
					"retransmits":	0,
					"snd_cwnd":	68056,
					"rtt":	428500,
					"omitted":	false
				}],
			"sum":	{
				"start":	0,
				"end":	1.000369,
				"seconds":	1.000369,
				"bytes":	687800,
				"bits_per_second":	5500371.278580,
				"retransmits":	0,
				"omitted":	false
			}
		}, {
			"streams":	[{
					"socket":	5,
					"start":	1.000369,
					"end":	2.001236,
					"seconds":	1.000867,
					"bytes":	131768,
					"bits_per_second":	1053230.713766,
					"retransmits":	0,
					"snd_cwnd":	72400,
					"rtt":	479938,
					"omitted":	false
				}],
			"sum":	{
				"start":	1.000369,
				"end":	2.001236,
				"seconds":	1.000867,
				"bytes":	131768,
				"bits_per_second":	1053230.713766,
				"retransmits":	0,
				"omitted":	false
			}
		}, {
			"streams":	[{
					"socket":	5,
					"start":	2.001236,
					"end":	3.001216,
					"seconds":	0.999980,
					"bytes":	130320,
					"bits_per_second":	1042580.879935,
					"retransmits":	0,
					"snd_cwnd":	83984,
					"rtt":	587847,
					"omitted":	false
				}],
			"sum":	{
				"start":	2.001236,
				"end":	3.001216,
				"seconds":	0.999980,
				"bytes":	130320,
				"bits_per_second":	1042580.879935,
				"retransmits":	0,
				"omitted":	false
			}
		}, {
			"streams":	[{
					"socket":	5,
					"start":	3.001216,
					"end":	4.000387,
					"seconds":	0.999171,
					"bytes":	325800,
					"bits_per_second":	2608562.449750,
					"retransmits":	0,
					"snd_cwnd":	89776,
					"rtt":	635192,
					"omitted":	false
				}],
			"sum":	{
				"start":	3.001216,
				"end":	4.000387,
				"seconds":	0.999171,
				"bytes":	325800,
				"bits_per_second":	2608562.449750,
				"retransmits":	0,
				"omitted":	false
			}
		}, {
			"streams":	[{
					"socket":	5,
					"start":	4.000387,
					"end":	5.000675,
					"seconds":	1.000288,
					"bytes":	195480,
					"bits_per_second":	1563389.728682,
					"retransmits":	0,
					"snd_cwnd":	40544,
					"rtt":	504344,
					"omitted":	false
				}],
			"sum":	{
				"start":	4.000387,
				"end":	5.000675,
				"seconds":	1.000288,
				"bytes":	195480,
				"bits_per_second":	1563389.728682,
				"retransmits":	0,
				"omitted":	false
			}
		}, {
			"streams":	[{
					"socket":	5,
					"start":	5.000675,
					"end":	5.644120,
					"seconds":	0.643445,
					"bytes":	0,
					"bits_per_second":	0,
					"retransmits":	0,
					"snd_cwnd":	50680,
					"rtt":	164731,
					"omitted":	false
				}],
			"sum":	{
				"start":	5.000675,
				"end":	5.644120,
				"seconds":	0.643445,
				"bytes":	0,
				"bits_per_second":	0,
				"retransmits":	0,
				"omitted":	false
			}
		}],
	"end":	{
		"streams":	[{
				"sender":	{
					"socket":	5,
					"start":	0,
					"end":	5.644120,
					"seconds":	5.644120,
					"bytes":	1471168,
					"bits_per_second":	2085239.868390,
					"retransmits":	0,
					"max_snd_cwnd":	89776,
					"max_rtt":	635192,
					"min_rtt":	164731,
					"mean_rtt":	466758
				},
				"receiver":	{
					"socket":	5,
					"start":	0,
					"end":	5.644120,
					"seconds":	5.644120,
					"bytes":	0,
					"bits_per_second":	0
				}
			}],
		"sum_sent":	{
			"start":	0,
			"end":	5.644120,
			"seconds":	5.644120,
			"bytes":	1471168,
			"bits_per_second":	2085239.868390,
			"retransmits":	0
		},
		"sum_received":	{
			"start":	0,
			"end":	5.644120,
			"seconds":	5.644120,
			"bytes":	0,
			"bits_per_second":	0
		},
		"cpu_utilization_percent":	{
			"host_total":	0.373299,
			"host_user":	0.212351,
			"host_system":	0.160948,
			"remote_total":	0,
			"remote_user":	0,
			"remote_system":	0
		}
	},
	"error":	"interrupt - the client has terminated"
}
