{
	"start":	{
		"connected":	[{
				"socket":	5,
				"local_host":	"100.64.0.2",
				"local_port":	38122,
				"remote_host":	"10.120.8.116",
				"remote_port":	5201
			}],
		"version":	"iperf 3.1.3",
		"system_info":	"Linux lorenzo-nrg 5.4.232 #2 SMP Thu Feb 23 21:13:11 CST 2023 x86_64",
		"timestamp":	{
			"time":	"Fri, 24 Mar 2023 01:45:27 GMT",
			"timesecs":	1679622327
		},
		"connecting_to":	{
			"host":	"10.120.8.116",
			"port":	5201
		},
		"cookie":	"lorenzo-nrg.1679622327.954606.6b3308",
		"tcp_mss_default":	1448,
		"test_start":	{
			"protocol":	"TCP",
			"num_streams":	1,
			"blksize":	131072,
			"omit":	0,
			"duration":	86400,
			"bytes":	0,
			"blocks":	0,
			"reverse":	0
		}
	},
	"intervals":	[{
			"streams":	[{
					"socket":	5,
					"start":	0,
					"end":	1.000925,
					"seconds":	1.000925,
					"bytes":	505352,
					"bits_per_second":	4039080.554627,
					"retransmits":	1,
					"snd_cwnd":	1448,
					"rtt":	38620,
					"omitted":	false
				}],
			"sum":	{
				"start":	0,
				"end":	1.000925,
				"seconds":	1.000925,
				"bytes":	505352,
				"bits_per_second":	4039080.554627,
				"retransmits":	1,
				"omitted":	false
			}
		}, {
			"streams":	[{
					"socket":	5,
					"start":	1.000925,
					"end":	2.000172,
					"seconds":	0.999247,
					"bytes":	726896,
					"bits_per_second":	5819549.689529,
					"retransmits":	1,
					"snd_cwnd":	76744,
					"rtt":	43251,
					"omitted":	false
				}],
			"sum":	{
				"start":	1.000925,
				"end":	2.000172,
				"seconds":	0.999247,
				"bytes":	726896,
				"bits_per_second":	5819549.689529,
				"retransmits":	1,
				"omitted":	false
			}
		}, {
			"streams":	[{
					"socket":	5,
					"start":	2.000172,
					"end":	3.000656,
					"seconds":	1.000484,
					"bytes":	1918600,
					"bits_per_second":	15341374.932310,
					"retransmits":	0,
					"snd_cwnd":	78192,
					"rtt":	37702,
					"omitted":	false
				}],
			"sum":	{
				"start":	2.000172,
				"end":	3.000656,
				"seconds":	1.000484,
				"bytes":	1918600,
				"bits_per_second":	15341374.932310,
				"retransmits":	0,
				"omitted":	false
			}
		}, {
			"streams":	[{
					"socket":	5,
					"start":	3.000656,
					"end":	4.001156,
					"seconds":	1.000500,
					"bytes":	0,
					"bits_per_second":	0,
					"retransmits":	2,
					"snd_cwnd":	1448,
					"rtt":	37702,
					"omitted":	false
				}],
			"sum":	{
				"start":	3.000656,
				"end":	4.001156,
				"seconds":	1.000500,
				"bytes":	0,
				"bits_per_second":	0,
				"retransmits":	2,
				"omitted":	false
			}
		}, {
			"streams":	[{
					"socket":	5,
					"start":	4.001156,
					"end":	4.780938,
					"seconds":	0.779782,
					"bytes":	0,
					"bits_per_second":	0,
					"retransmits":	1,
					"snd_cwnd":	1448,
					"rtt":	37702,
					"omitted":	false
				}],
			"sum":	{
				"start":	4.001156,
				"end":	4.780938,
				"seconds":	0.779782,
				"bytes":	0,
				"bits_per_second":	0,
				"retransmits":	1,
				"omitted":	false
			}
		}],
	"end":	{
		"streams":	[{
				"sender":	{
					"socket":	5,
					"start":	0,
					"end":	4.780938,
					"seconds":	4.780938,
					"bytes":	3150848,
					"bits_per_second":	5272351.257032,
					"retransmits":	5,
					"max_snd_cwnd":	78192,
					"max_rtt":	43251,
					"min_rtt":	37702,
					"mean_rtt":	38995
				},
				"receiver":	{
					"socket":	5,
					"start":	0,
					"end":	4.780938,
					"seconds":	4.780938,
					"bytes":	0,
					"bits_per_second":	0
				}
			}],
		"sum_sent":	{
			"start":	0,
			"end":	4.780938,
			"seconds":	4.780938,
			"bytes":	3150848,
			"bits_per_second":	5272351.257032,
			"retransmits":	5
		},
		"sum_received":	{
			"start":	0,
			"end":	4.780938,
			"seconds":	4.780938,
			"bytes":	0,
			"bits_per_second":	0
		},
		"cpu_utilization_percent":	{
			"host_total":	0.386334,
			"host_user":	0.167017,
			"host_system":	0.219380,
			"remote_total":	0,
			"remote_user":	0,
			"remote_system":	0
		}
	},
	"error":	"interrupt - the client has terminated"
}
