{
	"start":	{
		"connected":	[{
				"socket":	5,
				"local_host":	"100.64.0.2",
				"local_port":	41350,
				"remote_host":	"10.120.8.116",
				"remote_port":	5201
			}],
		"version":	"iperf 3.1.3",
		"system_info":	"Linux lorenzo-nrg 5.4.232 #2 SMP Thu Feb 23 21:13:11 CST 2023 x86_64",
		"timestamp":	{
			"time":	"Fri, 24 Mar 2023 00:37:42 GMT",
			"timesecs":	1679618262
		},
		"connecting_to":	{
			"host":	"10.120.8.116",
			"port":	5201
		},
		"cookie":	"lorenzo-nrg.1679618261.647335.43a4a8",
		"tcp_mss_default":	1448,
		"test_start":	{
			"protocol":	"TCP",
			"num_streams":	1,
			"blksize":	131072,
			"omit":	0,
			"duration":	2,
			"bytes":	0,
			"blocks":	0,
			"reverse":	0
		}
	},
	"intervals":	[{
			"streams":	[{
					"socket":	5,
					"start":	0,
					"end":	1.000274,
					"seconds":	1.000274,
					"bytes":	592232,
					"bits_per_second":	4736557.324243,
					"retransmits":	0,
					"snd_cwnd":	191136,
					"rtt":	486843,
					"omitted":	false
				}],
			"sum":	{
				"start":	0,
				"end":	1.000274,
				"seconds":	1.000274,
				"bytes":	592232,
				"bits_per_second":	4736557.324243,
				"retransmits":	0,
				"omitted":	false
			}
		}, {
			"streams":	[{
					"socket":	5,
					"start":	1.000274,
					"end":	2.000900,
					"seconds":	1.000626,
					"bytes":	1245280,
					"bits_per_second":	9956009.043984,
					"retransmits":	0,
					"snd_cwnd":	192584,
					"rtt":	838660,
					"omitted":	false
				}],
			"sum":	{
				"start":	1.000274,
				"end":	2.000900,
				"seconds":	1.000626,
				"bytes":	1245280,
				"bits_per_second":	9956009.043984,
				"retransmits":	0,
				"omitted":	false
			}
		}],
	"end":	{
		"streams":	[{
				"sender":	{
					"socket":	5,
					"start":	0,
					"end":	2.000900,
					"seconds":	2.000900,
					"bytes":	1837512,
					"bits_per_second":	7346741.855464,
					"retransmits":	0,
					"max_snd_cwnd":	192584,
					"max_rtt":	838660,
					"min_rtt":	486843,
					"mean_rtt":	662751
				},
				"receiver":	{
					"socket":	5,
					"start":	0,
					"end":	2.000900,
					"seconds":	2.000900,
					"bytes":	443088,
					"bits_per_second":	1771554.773658
				}
			}],
		"sum_sent":	{
			"start":	0,
			"end":	2.000900,
			"seconds":	2.000900,
			"bytes":	1837512,
			"bits_per_second":	7346741.855464,
			"retransmits":	0
		},
		"sum_received":	{
			"start":	0,
			"end":	2.000900,
			"seconds":	2.000900,
			"bytes":	443088,
			"bits_per_second":	1771554.773658
		},
		"cpu_utilization_percent":	{
			"host_total":	0.965720,
			"host_user":	0.440660,
			"host_system":	0.524884,
			"remote_total":	0.458272,
			"remote_user":	0.139911,
			"remote_system":	0.318403
		}
	}
}
