{
	"start":	{
		"connected":	[{
				"socket":	5,
				"local_host":	"100.64.0.2",
				"local_port":	50246,
				"remote_host":	"10.120.8.116",
				"remote_port":	5201
			}],
		"version":	"iperf 3.1.3",
		"system_info":	"Linux lorenzo-nrg 5.4.232 #2 SMP Thu Feb 23 21:13:11 CST 2023 x86_64",
		"timestamp":	{
			"time":	"Fri, 24 Mar 2023 01:31:38 GMT",
			"timesecs":	1679621498
		},
		"connecting_to":	{
			"host":	"10.120.8.116",
			"port":	5201
		},
		"cookie":	"lorenzo-nrg.1679621497.454858.5ed9bb",
		"tcp_mss_default":	1448,
		"test_start":	{
			"protocol":	"TCP",
			"num_streams":	1,
			"blksize":	131072,
			"omit":	0,
			"duration":	86400,
			"bytes":	0,
			"blocks":	0,
			"reverse":	0
		}
	},
	"intervals":	[{
			"streams":	[{
					"socket":	5,
					"start":	0,
					"end":	1.000481,
					"seconds":	1.000481,
					"bytes":	629880,
					"bits_per_second":	5036617.939419,
					"retransmits":	0,
					"snd_cwnd":	196928,
					"rtt":	469524,
					"omitted":	false
				}],
			"sum":	{
				"start":	0,
				"end":	1.000481,
				"seconds":	1.000481,
				"bytes":	629880,
				"bits_per_second":	5036617.939419,
				"retransmits":	0,
				"omitted":	false
			}
		}, {
			"streams":	[{
					"socket":	5,
					"start":	1.000481,
					"end":	2.001191,
					"seconds":	1.000710,
					"bytes":	81088,
					"bits_per_second":	648243.740119,
					"retransmits":	0,
					"snd_cwnd":	198376,
					"rtt":	730988,
					"omitted":	false
				}],
			"sum":	{
				"start":	1.000481,
				"end":	2.001191,
				"seconds":	1.000710,
				"bytes":	81088,
				"bits_per_second":	648243.740119,
				"retransmits":	0,
				"omitted":	false
			}
		}, {
			"streams":	[{
					"socket":	5,
					"start":	2.001191,
					"end":	3.001209,
					"seconds":	1.000018,
					"bytes":	130320,
					"bits_per_second":	1042541.109351,
					"retransmits":	0,
					"snd_cwnd":	208512,
					"rtt":	1359251,
					"omitted":	false
				}],
			"sum":	{
				"start":	2.001191,
				"end":	3.001209,
				"seconds":	1.000018,
				"bytes":	130320,
				"bits_per_second":	1042541.109351,
				"retransmits":	0,
				"omitted":	false
			}
		}, {
			"streams":	[{
					"socket":	5,
					"start":	3.001209,
					"end":	4.001196,
					"seconds":	0.999987,
					"bytes":	195480,
					"bits_per_second":	1563860.506937,
					"retransmits":	0,
					"snd_cwnd":	220096,
					"rtt":	1484541,
					"omitted":	false
				}],
			"sum":	{
				"start":	3.001209,
				"end":	4.001196,
				"seconds":	0.999987,
				"bytes":	195480,
				"bits_per_second":	1563860.506937,
				"retransmits":	0,
				"omitted":	false
			}
		}, {
			"streams":	[{
					"socket":	5,
					"start":	4.001196,
					"end":	5.001148,
					"seconds":	0.999952,
					"bytes":	130320,
					"bits_per_second":	1042609.964095,
					"retransmits":	0,
					"snd_cwnd":	236024,
					"rtt":	1506533,
					"omitted":	false
				}],
			"sum":	{
				"start":	4.001196,
				"end":	5.001148,
				"seconds":	0.999952,
				"bytes":	130320,
				"bits_per_second":	1042609.964095,
				"retransmits":	0,
				"omitted":	false
			}
		}, {
			"streams":	[{
					"socket":	5,
					"start":	5.001148,
					"end":	5.581054,
					"seconds":	0.579906,
					"bytes":	1310720,
					"bits_per_second":	18081827.466754,
					"retransmits":	0,
					"snd_cwnd":	236024,
					"rtt":	1465713,
					"omitted":	false
				}],
			"sum":	{
				"start":	5.001148,
				"end":	5.581054,
				"seconds":	0.579906,
				"bytes":	1310720,
				"bits_per_second":	18081827.466754,
				"retransmits":	0,
				"omitted":	false
			}
		}],
	"end":	{
		"streams":	[{
				"sender":	{
					"socket":	5,
					"start":	0,
					"end":	5.581054,
					"seconds":	5.581054,
					"bytes":	2477808,
					"bits_per_second":	3551742.036286,
					"retransmits":	0,
					"max_snd_cwnd":	236024,
					"max_rtt":	1506533,
					"min_rtt":	469524,
					"mean_rtt":	1169425
				},
				"receiver":	{
					"socket":	5,
					"start":	0,
					"end":	5.581054,
					"seconds":	5.581054,
					"bytes":	0,
					"bits_per_second":	0
				}
			}],
		"sum_sent":	{
			"start":	0,
			"end":	5.581054,
			"seconds":	5.581054,
			"bytes":	2477808,
			"bits_per_second":	3551742.036286,
			"retransmits":	0
		},
		"sum_received":	{
			"start":	0,
			"end":	5.581054,
			"seconds":	5.581054,
			"bytes":	0,
			"bits_per_second":	0
		},
		"cpu_utilization_percent":	{
			"host_total":	0.383056,
			"host_user":	0.246446,
			"host_system":	0.136696,
			"remote_total":	0,
			"remote_user":	0,
			"remote_system":	0
		}
	},
	"error":	"interrupt - the client has terminated"
}
