{
	"start":	{
		"connected":	[{
				"socket":	5,
				"local_host":	"10.120.8.116",
				"local_port":	54262,
				"remote_host":	"10.120.8.116",
				"remote_port":	5201
			}],
		"version":	"iperf 3.1.3",
		"system_info":	"Linux lorenzo-nrg 5.4.232 #2 SMP Thu Feb 23 21:13:11 CST 2023 x86_64",
		"timestamp":	{
			"time":	"Tue, 21 Mar 2023 22:38:43 GMT",
			"timesecs":	1679438323
		},
		"connecting_to":	{
			"host":	"10.120.8.116",
			"port":	5201
		},
		"cookie":	"lorenzo-nrg.1679438323.451755.2bf024",
		"tcp_mss_default":	32768,
		"test_start":	{
			"protocol":	"TCP",
			"num_streams":	1,
			"blksize":	131072,
			"omit":	0,
			"duration":	86400,
			"bytes":	0,
			"blocks":	0,
			"reverse":	0
		}
	},
	"intervals":	[{
			"streams":	[{
					"socket":	5,
					"start":	0,
					"end":	1.000177,
					"seconds":	1.000177,
					"bytes":	5295308800,
					"bits_per_second":	4.235497e+10,
					"retransmits":	0,
					"snd_cwnd":	1833524,
					"rtt":	22,
					"omitted":	false
				}],
			"sum":	{
				"start":	0,
				"end":	1.000177,
				"seconds":	1.000177,
				"bytes":	5295308800,
				"bits_per_second":	4.235497e+10,
				"retransmits":	0,
				"omitted":	false
			}
		}, {
			"streams":	[{
					"socket":	5,
					"start":	1.000177,
					"end":	2.000035,
					"seconds":	0.999858,
					"bytes":	5052825600,
					"bits_per_second":	4.042835e+10,
					"retransmits":	0,
					"snd_cwnd":	916762,
					"rtt":	38,
					"omitted":	false
				}],
			"sum":	{
				"start":	1.000177,
				"end":	2.000035,
				"seconds":	0.999858,
				"bytes":	5052825600,
				"bits_per_second":	4.042835e+10,
				"retransmits":	0,
				"omitted":	false
			}
		}, {
			"streams":	[{
					"socket":	5,
					"start":	2.000035,
					"end":	3.000075,
					"seconds":	1.000040,
					"bytes":	5435555840,
					"bits_per_second":	4.348271e+10,
					"retransmits":	0,
					"snd_cwnd":	785796,
					"rtt":	38,
					"omitted":	false
				}],
			"sum":	{
				"start":	2.000035,
				"end":	3.000075,
				"seconds":	1.000040,
				"bytes":	5435555840,
				"bits_per_second":	4.348271e+10,
				"retransmits":	0,
				"omitted":	false
			}
		}, {
			"streams":	[{
					"socket":	5,
					"start":	3.000075,
					"end":	4.000096,
					"seconds":	1.000021,
					"bytes":	4997775360,
					"bits_per_second":	3.998136e+10,
					"retransmits":	0,
					"snd_cwnd":	916762,
					"rtt":	30,
					"omitted":	false
				}],
			"sum":	{
				"start":	3.000075,
				"end":	4.000096,
				"seconds":	1.000021,
				"bytes":	4997775360,
				"bits_per_second":	3.998136e+10,
				"retransmits":	0,
				"omitted":	false
			}
		}, {
			"streams":	[{
					"socket":	5,
					"start":	4.000096,
					"end":	5.000031,
					"seconds":	0.999935,
					"bytes":	5174722560,
					"bits_per_second":	4.140048e+10,
					"retransmits":	0,
					"snd_cwnd":	916762,
					"rtt":	32,
					"omitted":	false
				}],
			"sum":	{
				"start":	4.000096,
				"end":	5.000031,
				"seconds":	0.999935,
				"bytes":	5174722560,
				"bits_per_second":	4.140048e+10,
				"retransmits":	0,
				"omitted":	false
			}
		}, {
			"streams":	[{
					"socket":	5,
					"start":	5.000031,
					"end":	6.000044,
					"seconds":	1.000013,
					"bytes":	5478809600,
					"bits_per_second":	4.382990e+10,
					"retransmits":	0,
					"snd_cwnd":	916762,
					"rtt":	30,
					"omitted":	false
				}],
			"sum":	{
				"start":	5.000031,
				"end":	6.000044,
				"seconds":	1.000013,
				"bytes":	5478809600,
				"bits_per_second":	4.382990e+10,
				"retransmits":	0,
				"omitted":	false
			}
		}, {
			"streams":	[{
					"socket":	5,
					"start":	6.000044,
					"end":	6.160752,
					"seconds":	0.160708,
					"bytes":	909115392,
					"bits_per_second":	4.525553e+10,
					"retransmits":	0,
					"snd_cwnd":	916762,
					"rtt":	27,
					"omitted":	false
				}],
			"sum":	{
				"start":	6.000044,
				"end":	6.160752,
				"seconds":	0.160708,
				"bytes":	909115392,
				"bits_per_second":	4.525553e+10,
				"retransmits":	0,
				"omitted":	false
			}
		}],
	"end":	{
		"streams":	[{
				"sender":	{
					"socket":	5,
					"start":	0,
					"end":	6.160752,
					"seconds":	6.160752,
					"bytes":	32344113152,
					"bits_per_second":	4.200021e+10,
					"retransmits":	0,
					"max_snd_cwnd":	1833524,
					"max_rtt":	38,
					"min_rtt":	22,
					"mean_rtt":	31
				},
				"receiver":	{
					"socket":	5,
					"start":	0,
					"end":	6.160752,
					"seconds":	6.160752,
					"bytes":	0,
					"bits_per_second":	0
				}
			}],
		"sum_sent":	{
			"start":	0,
			"end":	6.160752,
			"seconds":	6.160752,
			"bytes":	32344113152,
			"bits_per_second":	4.200021e+10,
			"retransmits":	0
		},
		"sum_received":	{
			"start":	0,
			"end":	6.160752,
			"seconds":	6.160752,
			"bytes":	0,
			"bits_per_second":	0
		},
		"cpu_utilization_percent":	{
			"host_total":	99.956183,
			"host_user":	3.742426,
			"host_system":	96.213773,
			"remote_total":	0,
			"remote_user":	0,
			"remote_system":	0
		}
	},
	"error":	"interrupt - the client has terminated"
}
