{
	"start":	{
		"connected":	[{
				"socket":	5,
				"local_host":	"100.64.0.2",
				"local_port":	57046,
				"remote_host":	"10.120.8.116",
				"remote_port":	5201
			}],
		"version":	"iperf 3.1.3",
		"system_info":	"Linux lorenzo-nrg 5.4.232 #2 SMP Thu Feb 23 21:13:11 CST 2023 x86_64",
		"timestamp":	{
			"time":	"Tue, 21 Mar 2023 22:38:25 GMT",
			"timesecs":	1679438305
		},
		"connecting_to":	{
			"host":	"10.120.8.116",
			"port":	5201
		},
		"cookie":	"lorenzo-nrg.1679438304.986436.1012b7",
		"tcp_mss_default":	1448,
		"test_start":	{
			"protocol":	"TCP",
			"num_streams":	1,
			"blksize":	131072,
			"omit":	0,
			"duration":	86400,
			"bytes":	0,
			"blocks":	0,
			"reverse":	0
		}
	},
	"intervals":	[{
			"streams":	[{
					"socket":	5,
					"start":	0,
					"end":	1.000393,
					"seconds":	1.000393,
					"bytes":	7063344,
					"bits_per_second":	56484558.436466,
					"retransmits":	0,
					"snd_cwnd":	322904,
					"rtt":	43859,
					"omitted":	false
				}],
			"sum":	{
				"start":	0,
				"end":	1.000393,
				"seconds":	1.000393,
				"bytes":	7063344,
				"bits_per_second":	56484558.436466,
				"retransmits":	0,
				"omitted":	false
			}
		}, {
			"streams":	[{
					"socket":	5,
					"start":	1.000393,
					"end":	2.000190,
					"seconds":	0.999797,
					"bytes":	5734080,
					"bits_per_second":	45881949.181870,
					"retransmits":	0,
					"snd_cwnd":	664632,
					"rtt":	104250,
					"omitted":	false
				}],
			"sum":	{
				"start":	1.000393,
				"end":	2.000190,
				"seconds":	0.999797,
				"bytes":	5734080,
				"bits_per_second":	45881949.181870,
				"retransmits":	0,
				"omitted":	false
			}
		}, {
			"streams":	[{
					"socket":	5,
					"start":	2.000190,
					"end":	3.000471,
					"seconds":	1.000281,
					"bytes":	6450840,
					"bits_per_second":	51592229.956625,
					"retransmits":	0,
					"snd_cwnd":	948440,
					"rtt":	107064,
					"omitted":	false
				}],
			"sum":	{
				"start":	2.000190,
				"end":	3.000471,
				"seconds":	1.000281,
				"bytes":	6450840,
				"bits_per_second":	51592229.956625,
				"retransmits":	0,
				"omitted":	false
			}
		}, {
			"streams":	[{
					"socket":	5,
					"start":	3.000471,
					"end":	4.000820,
					"seconds":	1.000349,
					"bytes":	6841800,
					"bits_per_second":	54715301.908399,
					"retransmits":	0,
					"snd_cwnd":	208512,
					"rtt":	205784,
					"omitted":	false
				}],
			"sum":	{
				"start":	3.000471,
				"end":	4.000820,
				"seconds":	1.000349,
				"bytes":	6841800,
				"bits_per_second":	54715301.908399,
				"retransmits":	0,
				"omitted":	false
			}
		}, {
			"streams":	[{
					"socket":	5,
					"start":	4.000820,
					"end":	5.000664,
					"seconds":	0.999844,
					"bytes":	5603760,
					"bits_per_second":	44837071.253996,
					"retransmits":	0,
					"snd_cwnd":	425712,
					"rtt":	30052,
					"omitted":	false
				}],
			"sum":	{
				"start":	4.000820,
				"end":	5.000664,
				"seconds":	0.999844,
				"bytes":	5603760,
				"bits_per_second":	44837071.253996,
				"retransmits":	0,
				"omitted":	false
			}
		}, {
			"streams":	[{
					"socket":	5,
					"start":	5.000664,
					"end":	6.000282,
					"seconds":	0.999618,
					"bytes":	5603760,
					"bits_per_second":	44847209.237461,
					"retransmits":	0,
					"snd_cwnd":	411232,
					"rtt":	45742,
					"omitted":	false
				}],
			"sum":	{
				"start":	5.000664,
				"end":	6.000282,
				"seconds":	0.999618,
				"bytes":	5603760,
				"bits_per_second":	44847209.237461,
				"retransmits":	0,
				"omitted":	false
			}
		}, {
			"streams":	[{
					"socket":	5,
					"start":	6.000282,
					"end":	6.093239,
					"seconds":	0.092957,
					"bytes":	0,
					"bits_per_second":	0,
					"retransmits":	0,
					"snd_cwnd":	437296,
					"rtt":	67050,
					"omitted":	false
				}],
			"sum":	{
				"start":	6.000282,
				"end":	6.093239,
				"seconds":	0.092957,
				"bytes":	0,
				"bits_per_second":	0,
				"retransmits":	0,
				"omitted":	false
			}
		}],
	"end":	{
		"streams":	[{
				"sender":	{
					"socket":	5,
					"start":	0,
					"end":	6.093239,
					"seconds":	6.093239,
					"bytes":	37297584,
					"bits_per_second":	48969139.175710,
					"retransmits":	0,
					"max_snd_cwnd":	948440,
					"max_rtt":	205784,
					"min_rtt":	30052,
					"mean_rtt":	86257
				},
				"receiver":	{
					"socket":	5,
					"start":	0,
					"end":	6.093239,
					"seconds":	6.093239,
					"bytes":	0,
					"bits_per_second":	0
				}
			}],
		"sum_sent":	{
			"start":	0,
			"end":	6.093239,
			"seconds":	6.093239,
			"bytes":	37297584,
			"bits_per_second":	48969139.175710,
			"retransmits":	0
		},
		"sum_received":	{
			"start":	0,
			"end":	6.093239,
			"seconds":	6.093239,
			"bytes":	0,
			"bits_per_second":	0
		},
		"cpu_utilization_percent":	{
			"host_total":	0.822670,
			"host_user":	0.201954,
			"host_system":	0.620782,
			"remote_total":	0,
			"remote_user":	0,
			"remote_system":	0
		}
	},
	"error":	"interrupt - the client has terminated"
}
