{
	"start":	{
		"connected":	[{
				"socket":	5,
				"local_host":	"100.64.0.2",
				"local_port":	36806,
				"remote_host":	"10.0.2.15",
				"remote_port":	5201
			}],
		"version":	"iperf 3.1.3",
		"system_info":	"Linux ubuntu-bionic 5.4.239 #2 SMP Tue Apr 4 21:06:07 CDT 2023 x86_64",
		"timestamp":	{
			"time":	"Wed, 19 Apr 2023 06:37:07 GMT",
			"timesecs":	1681886227
		},
		"connecting_to":	{
			"host":	"10.0.2.15",
			"port":	5201
		},
		"cookie":	"ubuntu-bionic.1681886226.910969.08ad",
		"tcp_mss_default":	1448,
		"test_start":	{
			"protocol":	"TCP",
			"num_streams":	1,
			"blksize":	131072,
			"omit":	0,
			"duration":	86400,
			"bytes":	0,
			"blocks":	0,
			"reverse":	0
		}
	},
	"intervals":	[{
			"streams":	[{
					"socket":	5,
					"start":	0,
					"end":	1.000124,
					"seconds":	1.000124,
					"bytes":	5747112,
					"bits_per_second":	45971196.598566,
					"retransmits":	0,
					"snd_cwnd":	243264,
					"rtt":	14475,
					"omitted":	false
				}],
			"sum":	{
				"start":	0,
				"end":	1.000124,
				"seconds":	1.000124,
				"bytes":	5747112,
				"bits_per_second":	45971196.598566,
				"retransmits":	0,
				"omitted":	false
			}
		}, {
			"streams":	[{
					"socket":	5,
					"start":	1.000124,
					"end":	2.000266,
					"seconds":	1.000142,
					"bytes":	4756680,
					"bits_per_second":	38048033.470586,
					"retransmits":	0,
					"snd_cwnd":	298288,
					"rtt":	30939,
					"omitted":	false
				}],
			"sum":	{
				"start":	1.000124,
				"end":	2.000266,
				"seconds":	1.000142,
				"bytes":	4756680,
				"bits_per_second":	38048033.470586,
				"retransmits":	0,
				"omitted":	false
			}
		}, {
			"streams":	[{
					"socket":	5,
					"start":	2.000266,
					"end":	3.000238,
					"seconds":	0.999972,
					"bytes":	4365720,
					"bits_per_second":	34926742.607753,
					"retransmits":	0,
					"snd_cwnd":	464808,
					"rtt":	54460,
					"omitted":	false
				}],
			"sum":	{
				"start":	2.000266,
				"end":	3.000238,
				"seconds":	0.999972,
				"bytes":	4365720,
				"bits_per_second":	34926742.607753,
				"retransmits":	0,
				"omitted":	false
			}
		}, {
			"streams":	[{
					"socket":	5,
					"start":	3.000238,
					"end":	4.000239,
					"seconds":	1.000001,
					"bytes":	5017320,
					"bits_per_second":	40138521.720923,
					"retransmits":	0,
					"snd_cwnd":	356208,
					"rtt":	7871,
					"omitted":	false
				}],
			"sum":	{
				"start":	3.000238,
				"end":	4.000239,
				"seconds":	1.000001,
				"bytes":	5017320,
				"bits_per_second":	40138521.720923,
				"retransmits":	0,
				"omitted":	false
			}
		}, {
			"streams":	[{
					"socket":	5,
					"start":	4.000239,
					"end":	5.000542,
					"seconds":	1.000303,
					"bytes":	3062520,
					"bits_per_second":	24492737.965271,
					"retransmits":	0,
					"snd_cwnd":	279464,
					"rtt":	48261,
					"omitted":	false
				}],
			"sum":	{
				"start":	4.000239,
				"end":	5.000542,
				"seconds":	1.000303,
				"bytes":	3062520,
				"bits_per_second":	24492737.965271,
				"retransmits":	0,
				"omitted":	false
			}
		}, {
			"streams":	[{
					"socket":	5,
					"start":	5.000542,
					"end":	6.000291,
					"seconds":	0.999749,
					"bytes":	1107720,
					"bits_per_second":	8863985.345747,
					"retransmits":	1,
					"snd_cwnd":	340280,
					"rtt":	60641,
					"omitted":	false
				}],
			"sum":	{
				"start":	5.000542,
				"end":	6.000291,
				"seconds":	0.999749,
				"bytes":	1107720,
				"bits_per_second":	8863985.345747,
				"retransmits":	1,
				"omitted":	false
			}
		}, {
			"streams":	[{
					"socket":	5,
					"start":	6.000291,
					"end":	7.000356,
					"seconds":	1.000065,
					"bytes":	4105080,
					"bits_per_second":	32838502.598608,
					"retransmits":	0,
					"snd_cwnd":	292496,
					"rtt":	23667,
					"omitted":	false
				}],
			"sum":	{
				"start":	6.000291,
				"end":	7.000356,
				"seconds":	1.000065,
				"bytes":	4105080,
				"bits_per_second":	32838502.598608,
				"retransmits":	0,
				"omitted":	false
			}
		}, {
			"streams":	[{
					"socket":	5,
					"start":	7.000356,
					"end":	8.000312,
					"seconds":	0.999956,
					"bytes":	3192840,
					"bits_per_second":	25543840.583217,
					"retransmits":	0,
					"snd_cwnd":	347520,
					"rtt":	24536,
					"omitted":	false
				}],
			"sum":	{
				"start":	7.000356,
				"end":	8.000312,
				"seconds":	0.999956,
				"bytes":	3192840,
				"bits_per_second":	25543840.583217,
				"retransmits":	0,
				"omitted":	false
			}
		}, {
			"streams":	[{
					"socket":	5,
					"start":	8.000312,
					"end":	9.001021,
					"seconds":	1.000709,
					"bytes":	3062520,
					"bits_per_second":	24482806.135654,
					"retransmits":	0,
					"snd_cwnd":	486528,
					"rtt":	18939,
					"omitted":	false
				}],
			"sum":	{
				"start":	8.000312,
				"end":	9.001021,
				"seconds":	1.000709,
				"bytes":	3062520,
				"bits_per_second":	24482806.135654,
				"retransmits":	0,
				"omitted":	false
			}
		}, {
			"streams":	[{
					"socket":	5,
					"start":	9.001021,
					"end":	10.000469,
					"seconds":	0.999448,
					"bytes":	4561200,
					"bits_per_second":	36509751.155931,
					"retransmits":	0,
					"snd_cwnd":	699384,
					"rtt":	95611,
					"omitted":	false
				}],
			"sum":	{
				"start":	9.001021,
				"end":	10.000469,
				"seconds":	0.999448,
				"bytes":	4561200,
				"bits_per_second":	36509751.155931,
				"retransmits":	0,
				"omitted":	false
			}
		}, {
			"streams":	[{
					"socket":	5,
					"start":	10.000469,
					"end":	11.000974,
					"seconds":	1.000505,
					"bytes":	4626360,
					"bits_per_second":	36992200.028386,
					"retransmits":	0,
					"snd_cwnd":	5792,
					"rtt":	169189,
					"omitted":	false
				}],
			"sum":	{
				"start":	10.000469,
				"end":	11.000974,
				"seconds":	1.000505,
				"bytes":	4626360,
				"bits_per_second":	36992200.028386,
				"retransmits":	0,
				"omitted":	false
			}
		}, {
			"streams":	[{
					"socket":	5,
					"start":	11.000974,
					"end":	12.000915,
					"seconds":	0.999941,
					"bytes":	1238040,
					"bits_per_second":	9904903.293703,
					"retransmits":	0,
					"snd_cwnd":	112944,
					"rtt":	12740,
					"omitted":	false
				}],
			"sum":	{
				"start":	11.000974,
				"end":	12.000915,
				"seconds":	0.999941,
				"bytes":	1238040,
				"bits_per_second":	9904903.293703,
				"retransmits":	0,
				"omitted":	false
			}
		}, {
			"streams":	[{
					"socket":	5,
					"start":	12.000915,
					"end":	13.001269,
					"seconds":	1.000354,
					"bytes":	3323160,
					"bits_per_second":	26575877.104639,
					"retransmits":	0,
					"snd_cwnd":	493768,
					"rtt":	96657,
					"omitted":	false
				}],
			"sum":	{
				"start":	12.000915,
				"end":	13.001269,
				"seconds":	1.000354,
				"bytes":	3323160,
				"bits_per_second":	26575877.104639,
				"retransmits":	0,
				"omitted":	false
			}
		}, {
			"streams":	[{
					"socket":	5,
					"start":	13.001269,
					"end":	14.001082,
					"seconds":	0.999813,
					"bytes":	4039920,
					"bits_per_second":	32325402.269559,
					"retransmits":	0,
					"snd_cwnd":	684904,
					"rtt":	71107,
					"omitted":	false
				}],
			"sum":	{
				"start":	13.001269,
				"end":	14.001082,
				"seconds":	0.999813,
				"bytes":	4039920,
				"bits_per_second":	32325402.269559,
				"retransmits":	0,
				"omitted":	false
			}
		}, {
			"streams":	[{
					"socket":	5,
					"start":	14.001082,
					"end":	15.000256,
					"seconds":	0.999174,
					"bytes":	5017320,
					"bits_per_second":	40171737.112903,
					"retransmits":	0,
					"snd_cwnd":	973056,
					"rtt":	168791,
					"omitted":	false
				}],
			"sum":	{
				"start":	14.001082,
				"end":	15.000256,
				"seconds":	0.999174,
				"bytes":	5017320,
				"bits_per_second":	40171737.112903,
				"retransmits":	0,
				"omitted":	false
			}
		}, {
			"streams":	[{
					"socket":	5,
					"start":	15.000256,
					"end":	16.000595,
					"seconds":	1.000339,
					"bytes":	4235400,
					"bits_per_second":	33871724.503584,
					"retransmits":	0,
					"snd_cwnd":	1209080,
					"rtt":	258431,
					"omitted":	false
				}],