{
	"start":	{
		"connected":	[{
				"socket":	5,
				"local_host":	"100.64.0.2",
				"local_port":	33170,
				"remote_host":	"10.120.8.116",
				"remote_port":	5201
			}],
		"version":	"iperf 3.1.3",
		"system_info":	"Linux lorenzo-nrg 5.4.232 #2 SMP Thu Feb 23 21:13:11 CST 2023 x86_64",
		"timestamp":	{
			"time":	"Tue, 21 Mar 2023 22:37:21 GMT",
			"timesecs":	1679438241
		},
		"connecting_to":	{
			"host":	"10.120.8.116",
			"port":	5201
		},
		"cookie":	"lorenzo-nrg.1679438240.567945.6c5b6d",
		"tcp_mss_default":	1448,
		"test_start":	{
			"protocol":	"TCP",
			"num_streams":	1,
			"blksize":	131072,
			"omit":	0,
			"duration":	86400,
			"bytes":	0,
			"blocks":	0,
			"reverse":	0
		}
	},
	"intervals":	[{
			"streams":	[{
					"socket":	5,
					"start":	0,
					"end":	1.000548,
					"seconds":	1.000548,
					"bytes":	5534256,
					"bits_per_second":	44249804.156456,
					"retransmits":	0,
					"snd_cwnd":	247608,
					"rtt":	16315,
					"omitted":	false
				}],
			"sum":	{
				"start":	0,
				"end":	1.000548,
				"seconds":	1.000548,
				"bytes":	5534256,
				"bits_per_second":	44249804.156456,
				"retransmits":	0,
				"omitted":	false
			}
		}, {
			"streams":	[{
					"socket":	5,
					"start":	1.000548,
					"end":	2.000418,
					"seconds":	0.999870,
					"bytes":	4561200,
					"bits_per_second":	36494342.006396,
					"retransmits":	0,
					"snd_cwnd":	477840,
					"rtt":	78448,
					"omitted":	false
				}],
			"sum":	{
				"start":	1.000548,
				"end":	2.000418,
				"seconds":	0.999870,
				"bytes":	4561200,
				"bits_per_second":	36494342.006396,
				"retransmits":	0,
				"omitted":	false
			}
		}, {
			"streams":	[{
					"socket":	5,
					"start":	2.000418,
					"end":	3.000278,
					"seconds":	0.999860,
					"bytes":	4821840,
					"bits_per_second":	38580119.353519,
					"retransmits":	0,
					"snd_cwnd":	251952,
					"rtt":	28682,
					"omitted":	false
				}],
			"sum":	{
				"start":	2.000418,
				"end":	3.000278,
				"seconds":	0.999860,
				"bytes":	4821840,
				"bits_per_second":	38580119.353519,
				"retransmits":	0,
				"omitted":	false
			}
		}, {
			"streams":	[{
					"socket":	5,
					"start":	3.000278,
					"end":	4.000342,
					"seconds":	1.000064,
					"bytes":	4430880,
					"bits_per_second":	35444775.214291,
					"retransmits":	0,
					"snd_cwnd":	459016,
					"rtt":	47511,
					"omitted":	false
				}],
			"sum":	{
				"start":	3.000278,
				"end":	4.000342,
				"seconds":	1.000064,
				"bytes":	4430880,
				"bits_per_second":	35444775.214291,
				"retransmits":	0,
				"omitted":	false
			}
		}, {
			"streams":	[{
					"socket":	5,
					"start":	4.000342,
					"end":	5.000518,
					"seconds":	1.000176,
					"bytes":	4300560,
					"bits_per_second":	34398427.496535,
					"retransmits":	0,
					"snd_cwnd":	702280,
					"rtt":	97093,
					"omitted":	false
				}],
			"sum":	{
				"start":	4.000342,
				"end":	5.000518,
				"seconds":	1.000176,
				"bytes":	4300560,
				"bits_per_second":	34398427.496535,
				"retransmits":	0,
				"omitted":	false
			}
		}, {
			"streams":	[{
					"socket":	5,
					"start":	5.000518,
					"end":	6.000243,
					"seconds":	0.999725,
					"bytes":	3258000,
					"bits_per_second":	26071166.875698,
					"retransmits":	1,
					"snd_cwnd":	599472,
					"rtt":	45922,
					"omitted":	false
				}],
			"sum":	{
				"start":	5.000518,
				"end":	6.000243,
				"seconds":	0.999725,
				"bytes":	3258000,
				"bits_per_second":	26071166.875698,
				"retransmits":	1,
				"omitted":	false
			}
		}, {
			"streams":	[{
					"socket":	5,
					"start":	6.000243,
					"end":	6.864724,
					"seconds":	0.864481,
					"bytes":	2621440,
					"bits_per_second":	24259088.021852,
					"retransmits":	0,
					"snd_cwnd":	315664,
					"rtt":	19002,
					"omitted":	false
				}],
			"sum":	{
				"start":	6.000243,
				"end":	6.864724,
				"seconds":	0.864481,
				"bytes":	2621440,
				"bits_per_second":	24259088.021852,
				"retransmits":	0,
				"omitted":	false
			}
		}],
	"end":	{
		"streams":	[{
				"sender":	{
					"socket":	5,
					"start":	0,
					"end":	6.864724,
					"seconds":	6.864724,
					"bytes":	29528176,
					"bits_per_second":	34411494.289447,
					"retransmits":	1,
					"max_snd_cwnd":	702280,
					"max_rtt":	97093,
					"min_rtt":	16315,
					"mean_rtt":	47567
				},
				"receiver":	{
					"socket":	5,
					"start":	0,
					"end":	6.864724,
					"seconds":	6.864724,
					"bytes":	0,
					"bits_per_second":	0
				}
			}],
		"sum_sent":	{
			"start":	0,
			"end":	6.864724,
			"seconds":	6.864724,
			"bytes":	29528176,
			"bits_per_second":	34411494.289447,
			"retransmits":	1
		},
		"sum_received":	{
			"start":	0,
			"end":	6.864724,
			"seconds":	6.864724,
			"bytes":	0,
			"bits_per_second":	0
		},
		"cpu_utilization_percent":	{
			"host_total":	0.637507,
			"host_user":	0.109519,
			"host_system":	0.527988,
			"remote_total":	0,
			"remote_user":	0,
			"remote_system":	0
		}
	},
	"error":	"interrupt - the client has terminated"
}
