{
	"start":	{
		"connected":	[{
				"socket":	5,
				"local_host":	"100.64.0.2",
				"local_port":	59922,
				"remote_host":	"10.120.8.116",
				"remote_port":	5201
			}],
		"version":	"iperf 3.1.3",
		"system_info":	"Linux lorenzo-nrg 5.4.232 #2 SMP Thu Feb 23 21:13:11 CST 2023 x86_64",
		"timestamp":	{
			"time":	"Tue, 21 Mar 2023 22:37:39 GMT",
			"timesecs":	1679438259
		},
		"connecting_to":	{
			"host":	"10.120.8.116",
			"port":	5201
		},
		"cookie":	"lorenzo-nrg.1679438258.945511.7cdb01",
		"tcp_mss_default":	1448,
		"test_start":	{
			"protocol":	"TCP",
			"num_streams":	1,
			"blksize":	131072,
			"omit":	0,
			"duration":	86400,
			"bytes":	0,
			"blocks":	0,
			"reverse":	0
		}
	},
	"intervals":	[{
			"streams":	[{
					"socket":	5,
					"start":	0,
					"end":	1.000235,
					"seconds":	1.000235,
					"bytes":	317112,
					"bits_per_second":	2536300.369387,
					"retransmits":	0,
					"snd_cwnd":	65160,
					"rtt":	354533,
					"omitted":	false
				}],
			"sum":	{
				"start":	0,
				"end":	1.000235,
				"seconds":	1.000235,
				"bytes":	317112,
				"bits_per_second":	2536300.369387,
				"retransmits":	0,
				"omitted":	false
			}
		}, {
			"streams":	[{
					"socket":	5,
					"start":	1.000235,
					"end":	2.000450,
					"seconds":	1.000215,
					"bytes":	641464,
					"bits_per_second":	5130608.644355,
					"retransmits":	0,
					"snd_cwnd":	72400,
					"rtt":	433131,
					"omitted":	false
				}],
			"sum":	{
				"start":	1.000235,
				"end":	2.000450,
				"seconds":	1.000215,
				"bytes":	641464,
				"bits_per_second":	5130608.644355,
				"retransmits":	0,
				"omitted":	false
			}
		}, {
			"streams":	[{
					"socket":	5,
					"start":	2.000450,
					"end":	3.001184,
					"seconds":	1.000734,
					"bytes":	65160,
					"bits_per_second":	520897.613851,
					"retransmits":	0,
					"snd_cwnd":	72400,
					"rtt":	454493,
					"omitted":	false
				}],
			"sum":	{
				"start":	2.000450,
				"end":	3.001184,
				"seconds":	1.000734,
				"bytes":	65160,
				"bits_per_second":	520897.613851,
				"retransmits":	0,
				"omitted":	false
			}
		}, {
			"streams":	[{
					"socket":	5,
					"start":	3.001184,
					"end":	4.001267,
					"seconds":	1.000083,
					"bytes":	195480,
					"bits_per_second":	1563710.259483,
					"retransmits":	0,
					"snd_cwnd":	79640,
					"rtt":	364217,
					"omitted":	false
				}],
			"sum":	{
				"start":	3.001184,
				"end":	4.001267,
				"seconds":	1.000083,
				"bytes":	195480,
				"bits_per_second":	1563710.259483,
				"retransmits":	0,
				"omitted":	false
			}
		}, {
			"streams":	[{
					"socket":	5,
					"start":	4.001267,
					"end":	5.001205,
					"seconds":	0.999938,
					"bytes":	130320,
					"bits_per_second":	1042624.631082,
					"retransmits":	0,
					"snd_cwnd":	102808,
					"rtt":	501514,
					"omitted":	false
				}],
			"sum":	{
				"start":	4.001267,
				"end":	5.001205,
				"seconds":	0.999938,
				"bytes":	130320,
				"bits_per_second":	1042624.631082,
				"retransmits":	0,
				"omitted":	false
			}
		}, {
			"streams":	[{
					"socket":	5,
					"start":	5.001205,
					"end":	6.001218,
					"seconds":	1.000013,
					"bytes":	130320,
					"bits_per_second":	1042546.577626,
					"retransmits":	0,
					"snd_cwnd":	131768,
					"rtt":	677217,
					"omitted":	false
				}],
			"sum":	{
				"start":	5.001205,
				"end":	6.001218,
				"seconds":	1.000013,
				"bytes":	130320,
				"bits_per_second":	1042546.577626,
				"retransmits":	0,
				"omitted":	false
			}
		}, {
			"streams":	[{
					"socket":	5,
					"start":	6.001218,
					"end":	6.332619,
					"seconds":	0.331401,
					"bytes":	0,
					"bits_per_second":	0,
					"retransmits":	0,
					"snd_cwnd":	146248,
					"rtt":	702403,
					"omitted":	false
				}],
			"sum":	{
				"start":	6.001218,
				"end":	6.332619,
				"seconds":	0.331401,
				"bytes":	0,
				"bits_per_second":	0,
				"retransmits":	0,
				"omitted":	false
			}
		}],
	"end":	{
		"streams":	[{
				"sender":	{
					"socket":	5,
					"start":	0,
					"end":	6.332619,
					"seconds":	6.332619,
					"bytes":	1479856,
					"bits_per_second":	1869502.663924,
					"retransmits":	0,
					"max_snd_cwnd":	146248,
					"max_rtt":	702403,
					"min_rtt":	354533,
					"mean_rtt":	498215
				},
				"receiver":	{
					"socket":	5,
					"start":	0,
					"end":	6.332619,
					"seconds":	6.332619,
					"bytes":	0,
					"bits_per_second":	0
				}
			}],
		"sum_sent":	{
			"start":	0,
			"end":	6.332619,
			"seconds":	6.332619,
			"bytes":	1479856,
			"bits_per_second":	1869502.663924,
			"retransmits":	0
		},
		"sum_received":	{
			"start":	0,
			"end":	6.332619,
			"seconds":	6.332619,
			"bytes":	0,
			"bits_per_second":	0
		},
		"cpu_utilization_percent":	{
			"host_total":	0.505665,
			"host_user":	0.132042,
			"host_system":	0.373576,
			"remote_total":	0,
			"remote_user":	0,
			"remote_system":	0
		}
	},
	"error":	"interrupt - the client has terminated"
}
