{
	"start":	{
		"connected":	[{
				"socket":	5,
				"local_host":	"100.64.0.2",
				"local_port":	44114,
				"remote_host":	"10.120.8.116",
				"remote_port":	5201
			}],
		"version":	"iperf 3.1.3",
		"system_info":	"Linux lorenzo-nrg 5.4.232 #2 SMP Thu Feb 23 21:13:11 CST 2023 x86_64",
		"timestamp":	{
			"time":	"Tue, 21 Mar 2023 22:37:49 GMT",
			"timesecs":	1679438269
		},
		"connecting_to":	{
			"host":	"10.120.8.116",
			"port":	5201
		},
		"cookie":	"lorenzo-nrg.1679438268.010021.0b863f",
		"tcp_mss_default":	1448,
		"test_start":	{
			"protocol":	"TCP",
			"num_streams":	1,
			"blksize":	131072,
			"omit":	0,
			"duration":	86400,
			"bytes":	0,
			"blocks":	0,
			"reverse":	0
		}
	},
	"intervals":	[{
			"streams":	[{
					"socket":	5,
					"start":	0,
					"end":	1.000526,
					"seconds":	1.000526,
					"bytes":	373584,
					"bits_per_second":	2987100.930127,
					"retransmits":	0,
					"snd_cwnd":	133216,
					"rtt":	439239,
					"omitted":	false
				}],
			"sum":	{
				"start":	0,
				"end":	1.000526,
				"seconds":	1.000526,
				"bytes":	373584,
				"bits_per_second":	2987100.930127,
				"retransmits":	0,
				"omitted":	false
			}
		}, {
			"streams":	[{
					"socket":	5,
					"start":	1.000526,
					"end":	2.000517,
					"seconds":	0.999991,
					"bytes":	236024,
					"bits_per_second":	1888208.656809,
					"retransmits":	0,
					"snd_cwnd":	152040,
					"rtt":	708688,
					"omitted":	false
				}],
			"sum":	{
				"start":	1.000526,
				"end":	2.000517,
				"seconds":	0.999991,
				"bytes":	236024,
				"bits_per_second":	1888208.656809,
				"retransmits":	0,
				"omitted":	false
			}
		}, {
			"streams":	[{
					"socket":	5,
					"start":	2.000517,
					"end":	3.000202,
					"seconds":	0.999685,
					"bytes":	166520,
					"bits_per_second":	1332580.015044,
					"retransmits":	0,
					"snd_cwnd":	167968,
					"rtt":	960411,
					"omitted":	false
				}],
			"sum":	{
				"start":	2.000517,
				"end":	3.000202,
				"seconds":	0.999685,
				"bytes":	166520,
				"bits_per_second":	1332580.015044,
				"retransmits":	0,
				"omitted":	false
			}
		}, {
			"streams":	[{
					"socket":	5,
					"start":	3.000202,
					"end":	4.000843,
					"seconds":	1.000641,
					"bytes":	1172880,
					"bits_per_second":	9377028.316264,
					"retransmits":	0,
					"snd_cwnd":	170864,
					"rtt":	1112766,
					"omitted":	false
				}],
			"sum":	{
				"start":	3.000202,
				"end":	4.000843,
				"seconds":	1.000641,
				"bytes":	1172880,
				"bits_per_second":	9377028.316264,
				"retransmits":	0,
				"omitted":	false
			}
		}, {
			"streams":	[{
					"socket":	5,
					"start":	4.000843,
					"end":	5.001209,
					"seconds":	1.000366,
					"bytes":	260640,
					"bits_per_second":	2084357.182552,
					"retransmits":	0,
					"snd_cwnd":	176656,
					"rtt":	1326821,
					"omitted":	false
				}],
			"sum":	{
				"start":	4.000843,
				"end":	5.001209,
				"seconds":	1.000366,
				"bytes":	260640,
				"bits_per_second":	2084357.182552,
				"retransmits":	0,
				"omitted":	false
			}
		}, {
			"streams":	[{
					"socket":	5,
					"start":	5.001209,
					"end":	6.001210,
					"seconds":	1.000001,
					"bytes":	130320,
					"bits_per_second":	1042559.005738,
					"retransmits":	0,
					"snd_cwnd":	189688,
					"rtt":	1497699,
					"omitted":	false
				}],
			"sum":	{
				"start":	5.001209,
				"end":	6.001210,
				"seconds":	1.000001,
				"bytes":	130320,
				"bits_per_second":	1042559.005738,
				"retransmits":	0,
				"omitted":	false
			}
		}, {
			"streams":	[{
					"socket":	5,
					"start":	6.001210,
					"end":	6.314289,
					"seconds":	0.313079,
					"bytes":	0,
					"bits_per_second":	0,
					"retransmits":	0,
					"snd_cwnd":	201272,
					"rtt":	1576224,
					"omitted":	false
				}],
			"sum":	{
				"start":	6.001210,
				"end":	6.314289,
				"seconds":	0.313079,
				"bytes":	0,
				"bits_per_second":	0,
				"retransmits":	0,
				"omitted":	false
			}
		}],
	"end":	{
		"streams":	[{
				"sender":	{
					"socket":	5,
					"start":	0,
					"end":	6.314289,
					"seconds":	6.314289,
					"bytes":	2339968,
					"bits_per_second":	2964663.752995,
					"retransmits":	0,
					"max_snd_cwnd":	201272,
					"max_rtt":	1576224,
					"min_rtt":	439239,
					"mean_rtt":	1088835
				},
				"receiver":	{
					"socket":	5,
					"start":	0,
					"end":	6.314289,
					"seconds":	6.314289,
					"bytes":	0,
					"bits_per_second":	0
				}
			}],
		"sum_sent":	{
			"start":	0,
			"end":	6.314289,
			"seconds":	6.314289,
			"bytes":	2339968,
			"bits_per_second":	2964663.752995,
			"retransmits":	0
		},
		"sum_received":	{
			"start":	0,
			"end":	6.314289,
			"seconds":	6.314289,
			"bytes":	0,
			"bits_per_second":	0
		},
		"cpu_utilization_percent":	{
			"host_total":	1.292014,
			"host_user":	0.575631,
			"host_system":	0.716308,
			"remote_total":	0,
			"remote_user":	0,
			"remote_system":	0
		}
	},
	"error":	"interrupt - the client has terminated"
}
