{
	"start":	{
		"connected":	[{
				"socket":	5,
				"local_host":	"100.64.0.2",
				"local_port":	59908,
				"remote_host":	"10.120.8.116",
				"remote_port":	5201
			}],
		"version":	"iperf 3.1.3",
		"system_info":	"Linux lorenzo-nrg 5.4.232 #2 SMP Thu Feb 23 21:13:11 CST 2023 x86_64",
		"timestamp":	{
			"time":	"Tue, 21 Mar 2023 22:37:59 GMT",
			"timesecs":	1679438279
		},
		"connecting_to":	{
			"host":	"10.120.8.116",
			"port":	5201
		},
		"cookie":	"lorenzo-nrg.1679438277.718626.0c5ea3",
		"tcp_mss_default":	1448,
		"test_start":	{
			"protocol":	"TCP",
			"num_streams":	1,
			"blksize":	131072,
			"omit":	0,
			"duration":	86400,
			"bytes":	0,
			"blocks":	0,
			"reverse":	0
		}
	},
	"intervals":	[{
			"streams":	[{
					"socket":	5,
					"start":	0,
					"end":	1.000431,
					"seconds":	1.000431,
					"bytes":	1136680,
					"bits_per_second":	9089521.863516,
					"retransmits":	0,
					"snd_cwnd":	68056,
					"rtt":	74157,
					"omitted":	false
				}],
			"sum":	{
				"start":	0,
				"end":	1.000431,
				"seconds":	1.000431,
				"bytes":	1136680,
				"bits_per_second":	9089521.863516,
				"retransmits":	0,
				"omitted":	false
			}
		}, {
			"streams":	[{
					"socket":	5,
					"start":	1.000431,
					"end":	2.000403,
					"seconds":	0.999972,
					"bytes":	912240,
					"bits_per_second":	7298125.321023,
					"retransmits":	0,
					"snd_cwnd":	65160,
					"rtt":	74923,
					"omitted":	false
				}],
			"sum":	{
				"start":	1.000431,
				"end":	2.000403,
				"seconds":	0.999972,
				"bytes":	912240,
				"bits_per_second":	7298125.321023,
				"retransmits":	0,
				"omitted":	false
			}
		}, {
			"streams":	[{
					"socket":	5,
					"start":	2.000403,
					"end":	3.000476,
					"seconds":	1.000073,
					"bytes":	977400,
					"bits_per_second":	7818629.583394,
					"retransmits":	0,
					"snd_cwnd":	40544,
					"rtt":	48009,
					"omitted":	false
				}],
			"sum":	{
				"start":	2.000403,
				"end":	3.000476,
				"seconds":	1.000073,
				"bytes":	977400,
				"bits_per_second":	7818629.583394,
				"retransmits":	0,
				"omitted":	false
			}
		}, {
			"streams":	[{
					"socket":	5,
					"start":	3.000476,
					"end":	4.000188,
					"seconds":	0.999712,
					"bytes":	977400,
					"bits_per_second":	7821452.653791,
					"retransmits":	0,
					"snd_cwnd":	98464,
					"rtt":	73439,
					"omitted":	false
				}],
			"sum":	{
				"start":	3.000476,
				"end":	4.000188,
				"seconds":	0.999712,
				"bytes":	977400,
				"bits_per_second":	7821452.653791,
				"retransmits":	0,
				"omitted":	false
			}
		}, {
			"streams":	[{
					"socket":	5,
					"start":	4.000188,
					"end":	5.000413,
					"seconds":	1.000225,
					"bytes":	1368360,
					"bits_per_second":	10944416.771433,
					"retransmits":	0,
					"snd_cwnd":	40544,
					"rtt":	37819,
					"omitted":	false
				}],
			"sum":	{
				"start":	4.000188,
				"end":	5.000413,
				"seconds":	1.000225,
				"bytes":	1368360,
				"bits_per_second":	10944416.771433,
				"retransmits":	0,
				"omitted":	false
			}
		}, {
			"streams":	[{
					"socket":	5,
					"start":	5.000413,
					"end":	5.316035,
					"seconds":	0.315622,
					"bytes":	195480,
					"bits_per_second":	4954786.255904,
					"retransmits":	0,
					"snd_cwnd":	31856,
					"rtt":	12847,
					"omitted":	false
				}],
			"sum":	{
				"start":	5.000413,
				"end":	5.316035,
				"seconds":	0.315622,
				"bytes":	195480,
				"bits_per_second":	4954786.255904,
				"retransmits":	0,
				"omitted":	false
			}
		}],
	"end":	{
		"streams":	[{
				"sender":	{
					"socket":	5,
					"start":	0,
					"end":	5.316035,
					"seconds":	5.316035,
					"bytes":	5567560,
					"bits_per_second":	8378515.139499,
					"retransmits":	0,
					"max_snd_cwnd":	98464,
					"max_rtt":	74923,
					"min_rtt":	12847,
					"mean_rtt":	53532
				},
				"receiver":	{
					"socket":	5,
					"start":	0,
					"end":	5.316035,
					"seconds":	5.316035,
					"bytes":	0,
					"bits_per_second":	0
				}
			}],
		"sum_sent":	{
			"start":	0,
			"end":	5.316035,
			"seconds":	5.316035,
			"bytes":	5567560,
			"bits_per_second":	8378515.139499,
			"retransmits":	0
		},
		"sum_received":	{
			"start":	0,
			"end":	5.316035,
			"seconds":	5.316035,
			"bytes":	0,
			"bits_per_second":	0
		},
		"cpu_utilization_percent":	{
			"host_total":	0.440629,
			"host_user":	0.128144,
			"host_system":	0.312504,
			"remote_total":	0,
			"remote_user":	0,
			"remote_system":	0
		}
	},
	"error":	"interrupt - the client has terminated"
}
