{
	"start":	{
		"connected":	[{
				"socket":	5,
				"local_host":	"100.64.0.2",
				"local_port":	33090,
				"remote_host":	"10.120.8.116",
				"remote_port":	5201
			}],
		"version":	"iperf 3.1.3",
		"system_info":	"Linux lorenzo-nrg 5.4.232 #2 SMP Thu Feb 23 21:13:11 CST 2023 x86_64",
		"timestamp":	{
			"time":	"Tue, 21 Mar 2023 22:38:35 GMT",
			"timesecs":	1679438315
		},
		"connecting_to":	{
			"host":	"10.120.8.116",
			"port":	5201
		},
		"cookie":	"lorenzo-nrg.1679438314.677784.06494f",
		"tcp_mss_default":	1448,
		"test_start":	{
			"protocol":	"TCP",
			"num_streams":	1,
			"blksize":	131072,
			"omit":	0,
			"duration":	86400,
			"bytes":	0,
			"blocks":	0,
			"reverse":	0
		}
	},
	"intervals":	[{
			"streams":	[{
					"socket":	5,
					"start":	0,
					"end":	1.000237,
					"seconds":	1.000237,
					"bytes":	6792568,
					"bits_per_second":	54327668.990707,
					"retransmits":	0,
					"snd_cwnd":	382272,
					"rtt":	60666,
					"omitted":	false
				}],
			"sum":	{
				"start":	0,
				"end":	1.000237,
				"seconds":	1.000237,
				"bytes":	6792568,
				"bits_per_second":	54327668.990707,
				"retransmits":	0,
				"omitted":	false
			}
		}, {
			"streams":	[{
					"socket":	5,
					"start":	1.000237,
					"end":	2.000907,
					"seconds":	1.000670,
					"bytes":	8861760,
					"bits_per_second":	70846615.869933,
					"retransmits":	0,
					"snd_cwnd":	72400,
					"rtt":	7021,
					"omitted":	false
				}],
			"sum":	{
				"start":	1.000237,
				"end":	2.000907,
				"seconds":	1.000670,
				"bytes":	8861760,
				"bits_per_second":	70846615.869933,
				"retransmits":	0,
				"omitted":	false
			}
		}, {
			"streams":	[{
					"socket":	5,
					"start":	2.000907,
					"end":	3.000552,
					"seconds":	0.999645,
					"bytes":	5799240,
					"bits_per_second":	46410395.934874,
					"retransmits":	0,
					"snd_cwnd":	181000,
					"rtt":	29150,
					"omitted":	false
				}],
			"sum":	{
				"start":	2.000907,
				"end":	3.000552,
				"seconds":	0.999645,
				"bytes":	5799240,
				"bits_per_second":	46410395.934874,
				"retransmits":	0,
				"omitted":	false
			}
		}, {
			"streams":	[{
					"socket":	5,
					"start":	3.000552,
					"end":	4.000489,
					"seconds":	0.999937,
					"bytes":	5734080,
					"bits_per_second":	45875527.520615,
					"retransmits":	0,
					"snd_cwnd":	493768,
					"rtt":	78656,
					"omitted":	false
				}],
			"sum":	{
				"start":	3.000552,
				"end":	4.000489,
				"seconds":	0.999937,
				"bytes":	5734080,
				"bits_per_second":	45875527.520615,
				"retransmits":	0,
				"omitted":	false
			}
		}, {
			"streams":	[{
					"socket":	5,
					"start":	4.000489,
					"end":	5.000396,
					"seconds":	0.999907,
					"bytes":	5668920,
					"bits_per_second":	45355577.308796,
					"retransmits":	0,
					"snd_cwnd":	799296,
					"rtt":	130701,
					"omitted":	false
				}],
			"sum":	{
				"start":	4.000489,
				"end":	5.000396,
				"seconds":	0.999907,
				"bytes":	5668920,
				"bits_per_second":	45355577.308796,
				"retransmits":	0,
				"omitted":	false
			}
		}, {
			"streams":	[{
					"socket":	5,
					"start":	5.000396,
					"end":	6.000634,
					"seconds":	1.000238,
					"bytes":	5929560,
					"bits_per_second":	47425195.566355,
					"retransmits":	0,
					"snd_cwnd":	75296,
					"rtt":	186256,
					"omitted":	false
				}],
			"sum":	{
				"start":	5.000396,
				"end":	6.000634,
				"seconds":	1.000238,
				"bytes":	5929560,
				"bits_per_second":	47425195.566355,
				"retransmits":	0,
				"omitted":	false
			}
		}, {
			"streams":	[{
					"socket":	5,
					"start":	6.000634,
					"end":	6.422187,
					"seconds":	0.421553,
					"bytes":	1310720,
					"bits_per_second":	24874112.256417,
					"retransmits":	0,
					"snd_cwnd":	72400,
					"rtt":	11404,
					"omitted":	false
				}],
			"sum":	{
				"start":	6.000634,
				"end":	6.422187,
				"seconds":	0.421553,
				"bytes":	1310720,
				"bits_per_second":	24874112.256417,
				"retransmits":	0,
				"omitted":	false
			}
		}],
	"end":	{
		"streams":	[{
				"sender":	{
					"socket":	5,
					"start":	0,
					"end":	6.422187,
					"seconds":	6.422187,
					"bytes":	40096848,
					"bits_per_second":	49947903.963040,
					"retransmits":	0,
					"max_snd_cwnd":	799296,
					"max_rtt":	186256,
					"min_rtt":	7021,
					"mean_rtt":	71979
				},
				"receiver":	{
					"socket":	5,
					"start":	0,
					"end":	6.422187,
					"seconds":	6.422187,
					"bytes":	0,
					"bits_per_second":	0
				}
			}],
		"sum_sent":	{
			"start":	0,
			"end":	6.422187,
			"seconds":	6.422187,
			"bytes":	40096848,
			"bits_per_second":	49947903.963040,
			"retransmits":	0
		},
		"sum_received":	{
			"start":	0,
			"end":	6.422187,
			"seconds":	6.422187,
			"bytes":	0,
			"bits_per_second":	0
		},
		"cpu_utilization_percent":	{
			"host_total":	0.506147,
			"host_user":	0.163838,
			"host_system":	0.342386,
			"remote_total":	0,
			"remote_user":	0,
			"remote_system":	0
		}
	},
	"error":	"interrupt - the client has terminated"
}
